donor,recipient,donor_date,recipient_date,gap_days,is_primary_donor,borrowed_trait_count,borrowed_traits,consensus_primary_donor,consensus_primary_support
gpt2,glm,2019-02-14,2021-03-18,763,1,41,altup|attention_family|attention_output_gating|attention_pattern|bitlinear_weights|chunked_kv_cache|conv_on_kv|cross_layer_kv_sharing|dual_attention_modules|gated_delta_net|global_plus_linear_attention_mix|has_aux_relu2_gate|has_aux_silu_gate|has_moe|hybrid_block_schedule|kv_layout|kv_lora_present|kv_reuse_attention|laurel|lm_head_bias|modality|ngram_memory|optional_nope|output_head_connection|periodic_no_rope_layers|q_lora_present|qk_norm|residual_scheme|residual_update_rule|rglru_recurrence|rope_parameterization|rope_partition_detail|same_block_attention_ssm|secondary_token_mixer|stack_topology|state_update_rule|tie_embeddings_default|uses_logit_scale|uses_logit_softcap|window_schedule_detail|windowed_rope_scope,gpt2,1.0000
gpt2,gpt_neox,2019-02-14,2022-04-14,1155,1,46,altup|attention_family|attention_output_gating|attention_pattern|attention_projection|bitlinear_weights|block_norm_variant|chunked_kv_cache|conv_on_kv|cross_layer_kv_sharing|dual_attention_modules|ffn_activation_core|ffn_core|ffn_projection_style|gated_delta_net|global_plus_linear_attention_mix|has_aux_relu2_gate|has_aux_silu_gate|has_moe|hybrid_block_schedule|kv_layout|kv_lora_present|kv_reuse_attention|laurel|lm_head_bias|modality|ngram_memory|norm_scheme|optional_nope|periodic_no_rope_layers|projection_bias_scheme|q_lora_present|qk_norm|residual_update_rule|rglru_recurrence|rope_parameterization|rope_partition_detail|same_block_attention_ssm|secondary_token_mixer|stack_topology|state_update_rule|tie_embeddings_configurable|uses_logit_scale|uses_logit_softcap|window_schedule_detail|windowed_rope_scope,gpt2,1.0000
gpt2,gpt_bigcode,2019-02-14,2022-12-22,1407,1,42,altup|attention_family|attention_output_gating|attention_pattern|attention_projection|bitlinear_weights|block_norm_variant|chunked_kv_cache|conv_on_kv|cross_layer_kv_sharing|dual_attention_modules|ffn_core|ffn_projection_style|gated_delta_net|global_plus_linear_attention_mix|has_aux_relu2_gate|has_aux_silu_gate|has_moe|hybrid_block_schedule|kv_lora_present|kv_reuse_attention|laurel|lm_head_bias|modality|ngram_memory|norm_scheme|output_head_connection|positional_encoding|projection_bias_scheme|q_lora_present|qk_norm|residual_scheme|residual_update_rule|rglru_recurrence|same_block_attention_ssm|secondary_token_mixer|stack_topology|state_update_rule|tie_embeddings_default|uses_logit_scale|uses_logit_softcap|window_schedule_detail,gpt2,1.0000
glm,llama,2021-03-18,2023-02-27,711,1,45,altup|attention_family|attention_output_gating|attention_projection|bitlinear_weights|block_norm_variant|chunked_kv_cache|conv_on_kv|cross_layer_kv_sharing|dual_attention_modules|ffn_activation_core|gated_delta_net|global_plus_linear_attention_mix|has_aux_relu2_gate|has_aux_silu_gate|has_moe|hybrid_block_schedule|kv_layout|kv_lora_present|kv_reuse_attention|laurel|lm_head_bias|modality|ngram_memory|norm_scheme|optional_nope|output_head_connection|periodic_no_rope_layers|positional_encoding|projection_bias_scheme|q_lora_present|qk_norm|residual_scheme|residual_update_rule|rglru_recurrence|rope_partition_detail|same_block_attention_ssm|secondary_token_mixer|stack_topology|state_update_rule|tie_embeddings_configurable|tie_embeddings_default|uses_logit_scale|uses_logit_softcap|windowed_rope_scope,glm,1.0000
gpt_neox,stablelm,2022-04-14,2023-04-19,370,1,45,altup|attention_family|attention_output_gating|attention_pattern|bitlinear_weights|block_norm_variant|chunked_kv_cache|conv_on_kv|cross_layer_kv_sharing|dual_attention_modules|ffn_core|gated_delta_net|global_plus_linear_attention_mix|has_aux_relu2_gate|has_aux_silu_gate|has_moe|hybrid_block_schedule|kv_layout|kv_lora_present|kv_reuse_attention|laurel|lm_head_bias|modality|ngram_memory|norm_scheme|optional_nope|periodic_no_rope_layers|positional_encoding|q_lora_present|qk_norm|residual_scheme|residual_update_rule|rglru_recurrence|rope_parameterization|rope_partition_detail|same_block_attention_ssm|secondary_token_mixer|stack_topology|state_update_rule|tie_embeddings_configurable|tie_embeddings_default|uses_logit_scale|uses_logit_softcap|window_schedule_detail|windowed_rope_scope,gpt_neox,0.8500
llama,stablelm,2023-02-27,2023-04-19,51,0,4,attention_projection|ffn_activation_core|ffn_projection_style|projection_bias_scheme,gpt_neox,
gpt_neox,phi,2022-04-14,2023-06-15,427,1,45,altup|attention_family|attention_output_gating|attention_pattern|bitlinear_weights|block_norm_variant|chunked_kv_cache|conv_on_kv|cross_layer_kv_sharing|dual_attention_modules|ffn_activation_core|ffn_projection_style|gated_delta_net|global_plus_linear_attention_mix|has_aux_relu2_gate|has_aux_silu_gate|has_moe|hybrid_block_schedule|kv_lora_present|kv_reuse_attention|laurel|modality|ngram_memory|norm_scheme|optional_nope|periodic_no_rope_layers|positional_encoding|projection_bias_scheme|q_lora_present|qk_norm|residual_scheme|residual_update_rule|rglru_recurrence|rope_parameterization|rope_partition_detail|same_block_attention_ssm|secondary_token_mixer|stack_topology|state_update_rule|tie_embeddings_configurable|tie_embeddings_default|uses_logit_scale|uses_logit_softcap|window_schedule_detail|windowed_rope_scope,gpt_neox,0.8500
llama,qwen,2023-02-27,2023-08-03,157,0,21,attention_family|bitlinear_weights|block_norm_variant|cross_layer_kv_sharing|ffn_activation_core|ffn_core|ffn_projection_style|has_aux_silu_gate|hybrid_block_schedule|kv_lora_present|laurel|modality|ngram_memory|optional_nope|positional_encoding|qk_norm|residual_update_rule|secondary_token_mixer|stack_topology|state_update_rule|windowed_rope_scope,phi,
phi,qwen,2023-06-15,2023-08-03,49,1,25,altup|attention_output_gating|attention_pattern|chunked_kv_cache|conv_on_kv|dual_attention_modules|gated_delta_net|global_plus_linear_attention_mix|has_aux_relu2_gate|has_moe|kv_layout|kv_reuse_attention|lm_head_bias|output_head_connection|periodic_no_rope_layers|q_lora_present|rglru_recurrence|rope_parameterization|rope_partition_detail|same_block_attention_ssm|tie_embeddings_configurable|tie_embeddings_default|uses_logit_scale|uses_logit_softcap|window_schedule_detail,phi,0.8000
llama,plamo,2023-02-27,2023-09-28,213,0,21,altup|attention_family|attention_projection|bitlinear_weights|block_norm_variant|chunked_kv_cache|ffn_core|has_aux_silu_gate|hybrid_block_schedule|lm_head_bias|modality|norm_scheme|periodic_no_rope_layers|projection_bias_scheme|q_lora_present|rglru_recurrence|same_block_attention_ssm|secondary_token_mixer|uses_logit_scale|uses_logit_softcap|windowed_rope_scope,qwen,
qwen,plamo,2023-08-03,2023-09-28,56,1,28,attention_output_gating|attention_pattern|conv_on_kv|cross_layer_kv_sharing|dual_attention_modules|ffn_activation_core|ffn_projection_style|gated_delta_net|global_plus_linear_attention_mix|has_aux_relu2_gate|has_moe|kv_layout|kv_lora_present|kv_reuse_attention|laurel|ngram_memory|optional_nope|positional_encoding|qk_norm|residual_scheme|residual_update_rule|rope_parameterization|rope_partition_detail|stack_topology|state_update_rule|tie_embeddings_configurable|tie_embeddings_default|window_schedule_detail,qwen,0.4500
gpt_neox,nemotron,2022-04-14,2023-11-14,579,0,21,attention_family|attention_pattern|cross_layer_kv_sharing|ffn_core|ffn_projection_style|has_aux_relu2_gate|has_moe|hybrid_block_schedule|kv_layout|kv_lora_present|lm_head_bias|modality|norm_scheme|optional_nope|positional_encoding|residual_update_rule|rglru_recurrence|same_block_attention_ssm|tie_embeddings_default|window_schedule_detail|windowed_rope_scope,llama,
llama,nemotron,2023-02-27,2023-11-14,260,1,27,altup|attention_output_gating|attention_projection|bitlinear_weights|chunked_kv_cache|conv_on_kv|dual_attention_modules|gated_delta_net|global_plus_linear_attention_mix|has_aux_silu_gate|kv_reuse_attention|laurel|ngram_memory|output_head_connection|periodic_no_rope_layers|projection_bias_scheme|q_lora_present|qk_norm|residual_scheme|rope_parameterization|rope_partition_detail|secondary_token_mixer|stack_topology|state_update_rule|tie_embeddings_configurable|uses_logit_scale|uses_logit_softcap,llama,0.4000
llama,mamba,2023-02-27,2023-12-01,277,0,20,bitlinear_weights|block_norm_variant|chunked_kv_cache|conv_on_kv|cross_layer_kv_sharing|ffn_activation_core|ffn_projection_style|gated_delta_net|hybrid_block_schedule|kv_lora_present|laurel|modality|norm_scheme|projection_bias_scheme|qk_norm|residual_scheme|rglru_recurrence|tie_embeddings_configurable|tie_embeddings_default|uses_logit_softcap,glm,
phi,mamba,2023-06-15,2023-12-01,169,0,17,altup|attention_output_gating|dual_attention_modules|ffn_core|global_plus_linear_attention_mix|has_aux_relu2_gate|has_moe|kv_reuse_attention|lm_head_bias|ngram_memory|output_head_connection|q_lora_present|residual_update_rule|same_block_attention_ssm|secondary_token_mixer|uses_logit_scale|window_schedule_detail,glm,
llama,mixtral,2023-02-27,2023-12-11,287,1,31,altup|attention_family|bitlinear_weights|block_norm_variant|conv_on_kv|dual_attention_modules|expert_bias_correction|ffn_activation_core|ffn_projection_style|gated_delta_net|global_plus_linear_attention_mix|grouped_expert_selection|has_aux_relu2_gate|has_aux_silu_gate|hybrid_block_schedule|kv_lora_present|kv_reuse_attention|lm_head_bias|modality|norm_scheme|optional_nope|periodic_no_rope_layers|positional_encoding|q_lora_present|qk_norm|rope_partition_detail|router_activation_configurable|secondary_token_mixer|shared_expert_configurable|tie_embeddings_configurable|uses_logit_softcap,llama,0.5500
nemotron,mixtral,2023-11-14,2023-12-11,27,0,23,attention_output_gating|attention_pattern|attention_projection|chunked_kv_cache|cross_layer_kv_sharing|ffn_core|has_shared_expert|laurel|ngram_memory|output_head_connection|projection_bias_scheme|residual_scheme|residual_update_rule|rglru_recurrence|rope_parameterization|same_block_attention_ssm|stack_topology|state_update_rule|tie_embeddings_default|uses_logit_scale|window_schedule_detail|windowed_rope_scope|zero_expert_option,llama,
mixtral,deepseek,2023-12-11,2024-01-08,28,1,55,altup|attention_family|attention_output_gating|attention_pattern|attention_projection|bitlinear_weights|block_norm_variant|chunked_kv_cache|coefficient_mix_shared_routed|conv_on_kv|cross_layer_kv_sharing|dual_attention_modules|expert_bias_correction|ffn_activation_core|ffn_core|ffn_projection_style|gated_delta_net|global_plus_linear_attention_mix|grouped_expert_selection|has_aux_relu2_gate|has_aux_silu_gate|has_moe|hybrid_block_schedule|kv_lora_present|kv_reuse_attention|laurel|lm_head_bias|modality|moe_subtype|ngram_memory|norm_scheme|optional_nope|periodic_no_rope_layers|positional_encoding|projection_bias_scheme|q_lora_present|qk_norm|residual_scheme|residual_update_rule|rglru_recurrence|rope_parameterization|rope_partition_detail|router_activation|router_activation_configurable|same_block_attention_ssm|secondary_token_mixer|shared_expert_configurable|stack_topology|state_update_rule|tie_embeddings_default|uses_logit_scale|uses_logit_softcap|window_schedule_detail|windowed_rope_scope|zero_expert_option,mixtral,0.9500
phi,deepseek,2023-06-15,2024-01-08,207,0,3,kv_layout|output_head_connection|tie_embeddings_configurable,mixtral,
gpt_neox,phixtral,2022-04-14,2024-01-08,634,0,51,altup|attention_family|attention_output_gating|attention_pattern|attention_projection|bitlinear_weights|block_norm_variant|chunked_kv_cache|conv_on_kv|cross_layer_kv_sharing|dual_attention_modules|expert_bias_correction|ffn_core|ffn_projection_style|gated_delta_net|global_plus_linear_attention_mix|grouped_expert_selection|has_aux_relu2_gate|has_aux_silu_gate|has_shared_expert|hybrid_block_schedule|kv_lora_present|kv_reuse_attention|laurel|lm_head_bias|modality|ngram_memory|norm_scheme|optional_nope|output_head_connection|periodic_no_rope_layers|positional_encoding|q_lora_present|qk_norm|residual_update_rule|rglru_recurrence|rope_parameterization|rope_partition_detail|router_activation_configurable|same_block_attention_ssm|secondary_token_mixer|shared_expert_configurable|stack_topology|state_update_rule|tie_embeddings_configurable|tie_embeddings_default|uses_logit_scale|uses_logit_softcap|window_schedule_detail|windowed_rope_scope|zero_expert_option,mixtral,
mixtral,phixtral,2023-12-11,2024-01-08,28,1,6,has_moe|moe_distribution|moe_schedule_type|moe_subtype|projection_bias_scheme|router_activation,mixtral,0.7500
nemotron,internlm2,2023-11-14,2024-01-17,64,0,24,attention_family|bitlinear_weights|chunked_kv_cache|conv_on_kv|cross_layer_kv_sharing|ffn_core|global_plus_linear_attention_mix|has_aux_silu_gate|has_moe|hybrid_block_schedule|kv_layout|laurel|lm_head_bias|output_head_connection|periodic_no_rope_layers|projection_bias_scheme|rope_parameterization|rope_partition_detail|secondary_token_mixer|state_update_rule|tie_embeddings_configurable|uses_logit_scale|uses_logit_softcap|window_schedule_detail,plamo,
plamo,internlm2,2023-09-28,2024-01-17,111,1,24,altup|attention_output_gating|attention_pattern|block_norm_variant|dual_attention_modules|ffn_activation_core|ffn_projection_style|gated_delta_net|has_aux_relu2_gate|kv_lora_present|kv_reuse_attention|modality|ngram_memory|norm_scheme|optional_nope|q_lora_present|qk_norm|residual_scheme|residual_update_rule|rglru_recurrence|same_block_attention_ssm|stack_topology|tie_embeddings_default|windowed_rope_scope,plamo,0.3500
llama,minicpm,2023-02-27,2024-02-01,339,1,30,attention_family|attention_output_gating|bitlinear_weights|block_norm_variant|chunked_kv_cache|conv_on_kv|dual_attention_modules|ffn_activation_core|ffn_core|ffn_projection_style|has_aux_silu_gate|has_moe|kv_layout|kv_lora_present|laurel|lm_head_bias|modality|norm_scheme|optional_nope|periodic_no_rope_layers|positional_encoding|projection_bias_scheme|qk_norm|residual_scheme|rglru_recurrence|rope_parameterization|same_block_attention_ssm|state_update_rule|tie_embeddings_configurable|uses_logit_softcap,llama,0.2000
phi,minicpm,2023-06-15,2024-02-01,231,0,19,altup|attention_pattern|attention_projection|cross_layer_kv_sharing|gated_delta_net|global_plus_linear_attention_mix|has_aux_relu2_gate|hybrid_block_schedule|kv_reuse_attention|ngram_memory|output_head_connection|q_lora_present|rope_partition_detail|secondary_token_mixer|stack_topology|tie_embeddings_default|uses_logit_scale|window_schedule_detail|windowed_rope_scope,llama,
plamo,olmo,2023-09-28,2024-02-01,126,1,44,altup|attention_output_gating|attention_pattern|bitlinear_weights|chunked_kv_cache|conv_on_kv|cross_layer_kv_sharing|dual_attention_modules|ffn_activation_core|gated_delta_net|global_plus_linear_attention_mix|has_aux_relu2_gate|has_aux_silu_gate|has_moe|hybrid_block_schedule|kv_layout|kv_lora_present|kv_reuse_attention|laurel|lm_head_bias|modality|ngram_memory|optional_nope|output_head_connection|periodic_no_rope_layers|positional_encoding|projection_bias_scheme|q_lora_present|qk_norm|residual_scheme|residual_update_rule|rglru_recurrence|rope_parameterization|rope_partition_detail|same_block_attention_ssm|secondary_token_mixer|stack_topology|state_update_rule|tie_embeddings_configurable|tie_embeddings_default|uses_logit_scale|uses_logit_softcap|window_schedule_detail|windowed_rope_scope,plamo,0.8000
llama,gemma,2023-02-27,2024-02-21,359,0,30,altup|attention_family|attention_output_gating|attention_projection|chunked_kv_cache|cross_layer_kv_sharing|dual_attention_modules|ffn_core|ffn_projection_style|gated_delta_net|global_plus_linear_attention_mix|has_aux_silu_gate|has_moe|kv_layout|kv_lora_present|laurel|lm_head_bias|output_head_connection|periodic_no_rope_layers|positional_encoding|projection_bias_scheme|q_lora_present|residual_scheme|rglru_recurrence|rope_partition_detail|secondary_token_mixer|stack_topology|tie_embeddings_default|uses_logit_softcap|windowed_rope_scope,glm,
olmo,gemma,2024-02-01,2024-02-21,20,0,17,attention_pattern|bitlinear_weights|conv_on_kv|has_aux_relu2_gate|hybrid_block_schedule|kv_reuse_attention|modality|ngram_memory|optional_nope|qk_norm|residual_update_rule|rope_parameterization|same_block_attention_ssm|state_update_rule|tie_embeddings_configurable|uses_logit_scale|window_schedule_detail,glm,
llama,bitnet,2023-02-27,2024-02-27,365,1,46,altup|attention_family|attention_output_gating|attention_projection|block_norm_variant|chunked_kv_cache|conv_on_kv|cross_layer_kv_sharing|dual_attention_modules|ffn_core|ffn_projection_style|gated_delta_net|global_plus_linear_attention_mix|has_aux_relu2_gate|has_aux_silu_gate|has_moe|hybrid_block_schedule|kv_layout|kv_lora_present|kv_reuse_attention|laurel|lm_head_bias|modality|ngram_memory|norm_scheme|optional_nope|output_head_connection|periodic_no_rope_layers|positional_encoding|projection_bias_scheme|q_lora_present|qk_norm|residual_scheme|residual_update_rule|rglru_recurrence|rope_parameterization|rope_partition_detail|same_block_attention_ssm|secondary_token_mixer|stack_topology|state_update_rule|tie_embeddings_configurable|tie_embeddings_default|uses_logit_scale|uses_logit_softcap|windowed_rope_scope,llama,0.6500
gpt_bigcode,starcoder2,2022-12-22,2024-02-28,433,0,26,altup|attention_family|block_norm_variant|chunked_kv_cache|ffn_activation_core|ffn_projection_style|has_moe|hybrid_block_schedule|kv_lora_present|kv_reuse_attention|modality|ngram_memory|norm_scheme|optional_nope|periodic_no_rope_layers|projection_bias_scheme|q_lora_present|qk_norm|residual_update_rule|rglru_recurrence|rope_parameterization|rope_partition_detail|secondary_token_mixer|stack_topology|tie_embeddings_default|window_schedule_detail,phi,
minicpm,starcoder2,2024-02-01,2024-02-28,27,0,23,attention_output_gating|attention_pattern|attention_projection|bitlinear_weights|conv_on_kv|cross_layer_kv_sharing|dual_attention_modules|ffn_core|gated_delta_net|global_plus_linear_attention_mix|has_aux_relu2_gate|has_aux_silu_gate|kv_layout|laurel|output_head_connection|positional_encoding|residual_scheme|same_block_attention_ssm|state_update_rule|tie_embeddings_configurable|uses_logit_scale|uses_logit_softcap|windowed_rope_scope,phi,
llama,cohere,2023-02-27,2024-03-11,378,0,23,attention_output_gating|bitlinear_weights|chunked_kv_cache|conv_on_kv|dual_attention_modules|ffn_activation_core|ffn_core|ffn_projection_style|global_plus_linear_attention_mix|laurel|lm_head_bias|modality|optional_nope|output_head_connection|periodic_no_rope_layers|positional_encoding|projection_bias_scheme|residual_update_rule|rglru_recurrence|rope_partition_detail|stack_topology|tie_embeddings_default|windowed_rope_scope,phi,
phi,cohere,2023-06-15,2024-03-11,270,1,25,altup|attention_family|attention_pattern|attention_projection|block_norm_variant|cross_layer_kv_sharing|gated_delta_net|has_aux_relu2_gate|has_aux_silu_gate|has_moe|hybrid_block_schedule|kv_layout|kv_lora_present|kv_reuse_attention|ngram_memory|norm_scheme|q_lora_present|residual_scheme|rope_parameterization|same_block_attention_ssm|secondary_token_mixer|state_update_rule|tie_embeddings_configurable|uses_logit_softcap|window_schedule_detail,phi,0.3000
minicpm,dbrx,2024-02-01,2024-03-27,55,0,32,altup|attention_family|attention_output_gating|chunked_kv_cache|conv_on_kv|expert_bias_correction|ffn_activation_core|ffn_projection_style|global_plus_linear_attention_mix|has_aux_relu2_gate|has_shared_expert|kv_lora_present|kv_reuse_attention|laurel|modality|ngram_memory|optional_nope|output_head_connection|positional_encoding|qk_norm|rglru_recurrence|rope_partition_detail|router_activation_configurable|same_block_attention_ssm|secondary_token_mixer|shared_expert_configurable|stack_topology|state_update_rule|uses_logit_scale|uses_logit_softcap|window_schedule_detail|windowed_rope_scope,phixtral,
phixtral,dbrx,2024-01-08,2024-03-27,79,1,28,attention_pattern|attention_projection|bitlinear_weights|block_norm_variant|cross_layer_kv_sharing|dual_attention_modules|ffn_core|gated_delta_net|grouped_expert_selection|has_aux_silu_gate|has_moe|hybrid_block_schedule|kv_layout|lm_head_bias|moe_distribution|moe_schedule_type|moe_subtype|norm_scheme|periodic_no_rope_layers|projection_bias_scheme|q_lora_present|residual_scheme|residual_update_rule|rope_parameterization|router_activation|tie_embeddings_configurable|tie_embeddings_default|zero_expert_option,phixtral,0.7500
deepseek,jamba,2024-01-08,2024-03-28,80,0,5,attention_projection|ffn_core|has_moe|moe_distribution|router_activation,mamba,
mamba,jamba,2023-12-01,2024-03-28,118,1,43,altup|attention_output_gating|bitlinear_weights|block_norm_variant|chunked_kv_cache|conv_on_kv|cross_layer_kv_sharing|dual_attention_modules|expert_bias_correction|ffn_activation_core|ffn_projection_style|gated_delta_net|global_plus_linear_attention_mix|grouped_expert_selection|has_aux_relu2_gate|has_aux_silu_gate|has_shared_expert|kv_lora_present|kv_reuse_attention|laurel|lm_head_bias|modality|ngram_memory|norm_scheme|output_head_connection|positional_encoding|projection_bias_scheme|q_lora_present|qk_norm|residual_scheme|residual_update_rule|rglru_recurrence|router_activation_configurable|same_block_attention_ssm|secondary_token_mixer|shared_expert_configurable|state_update_rule|tie_embeddings_configurable|tie_embeddings_default|uses_logit_scale|uses_logit_softcap|window_schedule_detail|zero_expert_option,mamba,0.8000
gemma,recurrent_gemma,2024-02-21,2024-04-06,45,1,19,attention_projection|block_norm_variant|dual_attention_modules|ffn_core|ffn_projection_style|gated_delta_net|global_plus_linear_attention_mix|has_moe|kv_layout|kv_reuse_attention|modality|norm_scheme|periodic_no_rope_layers|positional_encoding|q_lora_present|rope_parameterization|tie_embeddings_configurable|window_schedule_detail|windowed_rope_scope,gemma,0.5000
phi,recurrent_gemma,2023-06-15,2024-04-06,296,0,24,altup|attention_family|attention_output_gating|bitlinear_weights|chunked_kv_cache|conv_on_kv|cross_layer_kv_sharing|ffn_activation_core|has_aux_relu2_gate|has_aux_silu_gate|kv_lora_present|laurel|lm_head_bias|ngram_memory|optional_nope|output_head_connection|qk_norm|residual_update_rule|rope_partition_detail|same_block_attention_ssm|secondary_token_mixer|tie_embeddings_default|uses_logit_scale|uses_logit_softcap,gemma,
internlm2,phi3,2024-01-17,2024-04-22,96,1,46,altup|attention_family|attention_output_gating|attention_pattern|bitlinear_weights|block_norm_variant|chunked_kv_cache|conv_on_kv|cross_layer_kv_sharing|dual_attention_modules|ffn_activation_core|ffn_core|gated_delta_net|global_plus_linear_attention_mix|has_aux_relu2_gate|has_aux_silu_gate|has_moe|hybrid_block_schedule|kv_layout|kv_lora_present|kv_reuse_attention|laurel|lm_head_bias|modality|ngram_memory|norm_scheme|optional_nope|output_head_connection|periodic_no_rope_layers|projection_bias_scheme|q_lora_present|qk_norm|residual_update_rule|rglru_recurrence|rope_parameterization|rope_partition_detail|same_block_attention_ssm|secondary_token_mixer|stack_topology|state_update_rule|tie_embeddings_configurable|tie_embeddings_default|uses_logit_scale|uses_logit_softcap|window_schedule_detail|windowed_rope_scope,internlm2,0.6000
phi3,openelm,2024-04-22,2024-04-24,2,0,25,altup|attention_projection|bitlinear_weights|block_norm_variant|chunked_kv_cache|conv_on_kv|dual_attention_modules|ffn_activation_core|ffn_projection_style|global_plus_linear_attention_mix|has_moe|kv_reuse_attention|lm_head_bias|norm_scheme|output_head_connection|periodic_no_rope_layers|projection_bias_scheme|rglru_recurrence|rope_partition_detail|same_block_attention_ssm|secondary_token_mixer|stack_topology|state_update_rule|uses_logit_scale|window_schedule_detail,plamo,
qwen,openelm,2023-08-03,2024-04-24,265,0,23,attention_family|attention_output_gating|attention_pattern|cross_layer_kv_sharing|ffn_core|gated_delta_net|has_aux_relu2_gate|has_aux_silu_gate|hybrid_block_schedule|kv_layout|kv_lora_present|laurel|modality|ngram_memory|optional_nope|positional_encoding|q_lora_present|residual_scheme|residual_update_rule|rope_parameterization|tie_embeddings_configurable|uses_logit_softcap|windowed_rope_scope,plamo,
deepseek,deepseek_v2,2024-01-08,2024-05-06,119,1,55,altup|attention_output_gating|attention_pattern|bitlinear_weights|block_norm_variant|chunked_kv_cache|coefficient_mix_shared_routed|conv_on_kv|cross_layer_kv_sharing|dual_attention_modules|expert_bias_correction|ffn_activation_core|ffn_core|ffn_projection_style|gated_delta_net|global_plus_linear_attention_mix|grouped_expert_selection|has_aux_relu2_gate|has_aux_silu_gate|has_moe|has_shared_expert|hybrid_block_schedule|kv_reuse_attention|laurel|lm_head_bias|modality|moe_distribution|moe_schedule_type|moe_subtype|ngram_memory|norm_scheme|optional_nope|output_head_connection|periodic_no_rope_layers|projection_bias_scheme|qk_norm|residual_scheme|residual_update_rule|rglru_recurrence|rope_parameterization|router_activation|router_activation_configurable|same_block_attention_ssm|secondary_token_mixer|shared_branch_merge_mode|shared_expert_configurable|stack_topology|state_update_rule|tie_embeddings_configurable|tie_embeddings_default|uses_logit_scale|uses_logit_softcap|window_schedule_detail|windowed_rope_scope|zero_expert_option,deepseek,1.0000
gpt2,phi3small,2019-02-14,2024-05-07,1909,1,47,altup|attention_family|attention_output_gating|attention_pattern|attention_projection|bitlinear_weights|block_norm_variant|chunked_kv_cache|conv_on_kv|cross_layer_kv_sharing|dual_attention_modules|ffn_core|gated_delta_net|global_plus_linear_attention_mix|has_aux_relu2_gate|has_aux_silu_gate|has_moe|hybrid_block_schedule|kv_layout|kv_lora_present|kv_reuse_attention|laurel|lm_head_bias|modality|ngram_memory|norm_scheme|optional_nope|output_head_connection|periodic_no_rope_layers|projection_bias_scheme|q_lora_present|qk_norm|residual_scheme|residual_update_rule|rglru_recurrence|rope_parameterization|rope_partition_detail|same_block_attention_ssm|secondary_token_mixer|stack_topology|state_update_rule|tie_embeddings_configurable|tie_embeddings_default|uses_logit_scale|uses_logit_softcap|window_schedule_detail|windowed_rope_scope,gpt2,1.0000
mamba,mamba2,2023-12-01,2024-05-31,182,1,40,altup|attention_family|attention_output_gating|attention_pattern|bitlinear_weights|block_norm_variant|chunked_kv_cache|conv_on_kv|cross_layer_kv_sharing|dual_attention_modules|ffn_activation_core|ffn_projection_style|gated_delta_net|global_plus_linear_attention_mix|has_aux_relu2_gate|has_aux_silu_gate|has_moe|hybrid_block_schedule|kv_layout|kv_lora_present|kv_reuse_attention|laurel|modality|ngram_memory|output_head_connection|positional_encoding|projection_bias_scheme|q_lora_present|qk_norm|residual_scheme|residual_update_rule|rglru_recurrence|same_block_attention_ssm|secondary_token_mixer|stack_topology|state_update_rule|tie_embeddings_configurable|uses_logit_scale|uses_logit_softcap|window_schedule_detail,mamba,1.0000
glm,glm4,2021-03-18,2024-06-05,1175,1,22,attention_output_gating|block_norm_variant|chunked_kv_cache|conv_on_kv|dual_attention_modules|ffn_activation_core|ffn_core|ffn_projection_style|gated_delta_net|has_aux_silu_gate|has_moe|hybrid_block_schedule|kv_layout|kv_reuse_attention|modality|ngram_memory|norm_scheme|residual_update_rule|rope_partition_detail|same_block_attention_ssm|window_schedule_detail|windowed_rope_scope,glm,0.4500
stablelm,glm4,2023-04-19,2024-06-05,413,0,27,altup|attention_family|attention_pattern|attention_projection|bitlinear_weights|cross_layer_kv_sharing|global_plus_linear_attention_mix|has_aux_relu2_gate|kv_lora_present|laurel|lm_head_bias|optional_nope|output_head_connection|periodic_no_rope_layers|positional_encoding|projection_bias_scheme|q_lora_present|qk_norm|rglru_recurrence|rope_parameterization|secondary_token_mixer|stack_topology|state_update_rule|tie_embeddings_configurable|tie_embeddings_default|uses_logit_scale|uses_logit_softcap,glm,
bitnet,qwen2,2024-02-27,2024-06-07,101,0,25,attention_pattern|attention_projection|block_norm_variant|chunked_kv_cache|dual_attention_modules|ffn_core|ffn_projection_style|gated_delta_net|global_plus_linear_attention_mix|has_moe|hybrid_block_schedule|kv_layout|kv_lora_present|kv_reuse_attention|laurel|modality|norm_scheme|optional_nope|residual_scheme|rope_parameterization|rope_partition_detail|secondary_token_mixer|tie_embeddings_configurable|tie_embeddings_default|windowed_rope_scope,qwen,
qwen,qwen2,2023-08-03,2024-06-07,309,1,25,altup|attention_family|attention_output_gating|bitlinear_weights|conv_on_kv|cross_layer_kv_sharing|ffn_activation_core|has_aux_relu2_gate|has_aux_silu_gate|lm_head_bias|ngram_memory|output_head_connection|periodic_no_rope_layers|positional_encoding|projection_bias_scheme|q_lora_present|qk_norm|residual_update_rule|rglru_recurrence|same_block_attention_ssm|stack_topology|state_update_rule|uses_logit_scale|uses_logit_softcap|window_schedule_detail,qwen,0.6000
mixtral,qwen2_moe,2023-12-11,2024-06-07,179,1,31,altup|attention_projection|bitlinear_weights|block_norm_variant|chunked_kv_cache|expert_bias_correction|ffn_activation_core|ffn_core|has_aux_relu2_gate|has_moe|hybrid_block_schedule|kv_reuse_attention|laurel|modality|moe_distribution|moe_schedule_type|moe_subtype|ngram_memory|norm_scheme|periodic_no_rope_layers|residual_scheme|residual_update_rule|rope_parameterization|rope_partition_detail|router_activation|same_block_attention_ssm|stack_topology|tie_embeddings_configurable|uses_logit_scale|uses_logit_softcap|zero_expert_option,mixtral,0.8000
qwen,qwen2_moe,2023-08-03,2024-06-07,309,0,28,attention_family|attention_output_gating|attention_pattern|coefficient_mix_shared_routed|conv_on_kv|cross_layer_kv_sharing|dual_attention_modules|ffn_projection_style|gated_delta_net|global_plus_linear_attention_mix|grouped_expert_selection|has_aux_silu_gate|kv_lora_present|lm_head_bias|optional_nope|output_head_connection|positional_encoding|projection_bias_scheme|q_lora_present|qk_norm|rglru_recurrence|router_activation_configurable|secondary_token_mixer|shared_expert_configurable|state_update_rule|tie_embeddings_default|window_schedule_detail|windowed_rope_scope,mixtral,
gemma,gemma2,2024-02-21,2024-06-27,127,1,45,altup|attention_output_gating|attention_pattern|attention_projection|bitlinear_weights|block_norm_variant|chunked_kv_cache|conv_on_kv|cross_layer_kv_sharing|dual_attention_modules|ffn_core|ffn_projection_style|gated_delta_net|global_plus_linear_attention_mix|has_aux_relu2_gate|has_aux_silu_gate|has_moe|hybrid_block_schedule|kv_layout|kv_lora_present|kv_reuse_attention|laurel|lm_head_bias|modality|ngram_memory|norm_scheme|optional_nope|periodic_no_rope_layers|positional_encoding|projection_bias_scheme|q_lora_present|qk_norm|residual_update_rule|rglru_recurrence|rope_parameterization|rope_partition_detail|same_block_attention_ssm|secondary_token_mixer|stack_topology|state_update_rule|tie_embeddings_configurable|tie_embeddings_default|uses_logit_scale|window_schedule_detail|windowed_rope_scope,gemma,0.9500
llama,exaone,2023-02-27,2024-08-07,527,0,25,altup|attention_projection|bitlinear_weights|chunked_kv_cache|conv_on_kv|dual_attention_modules|gated_delta_net|has_moe|kv_layout|kv_lora_present|laurel|lm_head_bias|optional_nope|output_head_connection|periodic_no_rope_layers|projection_bias_scheme|rope_parameterization|same_block_attention_ssm|secondary_token_mixer|stack_topology|state_update_rule|tie_embeddings_configurable|tie_embeddings_default|uses_logit_softcap|windowed_rope_scope,bitnet,
qwen,exaone,2023-08-03,2024-08-07,370,0,25,attention_family|attention_output_gating|attention_pattern|block_norm_variant|cross_layer_kv_sharing|ffn_activation_core|ffn_core|ffn_projection_style|global_plus_linear_attention_mix|has_aux_relu2_gate|has_aux_silu_gate|hybrid_block_schedule|kv_reuse_attention|modality|ngram_memory|norm_scheme|positional_encoding|q_lora_present|qk_norm|residual_scheme|residual_update_rule|rglru_recurrence|rope_partition_detail|uses_logit_scale|window_schedule_detail,bitnet,
mixtral,phimoe,2023-12-11,2024-08-17,250,1,33,attention_projection|bitlinear_weights|chunked_kv_cache|conv_on_kv|expert_bias_correction|ffn_core|ffn_projection_style|grouped_expert_selection|has_aux_silu_gate|has_moe|has_shared_expert|kv_layout|kv_reuse_attention|laurel|moe_distribution|moe_schedule_type|moe_subtype|ngram_memory|optional_nope|periodic_no_rope_layers|residual_scheme|residual_update_rule|rope_parameterization|rope_partition_detail|router_activation|secondary_token_mixer|shared_expert_configurable|stack_topology|state_update_rule|uses_logit_scale|uses_logit_softcap|window_schedule_detail|windowed_rope_scope,mixtral,0.6500
qwen,phimoe,2023-08-03,2024-08-17,380,0,25,altup|attention_family|attention_output_gating|attention_pattern|cross_layer_kv_sharing|dual_attention_modules|ffn_activation_core|gated_delta_net|global_plus_linear_attention_mix|has_aux_relu2_gate|hybrid_block_schedule|kv_lora_present|lm_head_bias|modality|norm_scheme|output_head_connection|projection_bias_scheme|q_lora_present|qk_norm|rglru_recurrence|router_activation_configurable|same_block_attention_ssm|tie_embeddings_configurable|tie_embeddings_default|zero_expert_option,mixtral,
minicpm,granite,2024-02-01,2024-08-23,204,1,48,altup|attention_family|attention_output_gating|attention_pattern|attention_projection|bitlinear_weights|block_norm_variant|chunked_kv_cache|conv_on_kv|cross_layer_kv_sharing|dual_attention_modules|ffn_activation_core|ffn_core|ffn_projection_style|gated_delta_net|global_plus_linear_attention_mix|has_aux_relu2_gate|has_aux_silu_gate|has_moe|hybrid_block_schedule|kv_layout|kv_lora_present|kv_reuse_attention|laurel|lm_head_bias|modality|ngram_memory|norm_scheme|optional_nope|periodic_no_rope_layers|positional_encoding|projection_bias_scheme|q_lora_present|qk_norm|residual_scheme|residual_update_rule|rglru_recurrence|rope_parameterization|rope_partition_detail|same_block_attention_ssm|secondary_token_mixer|stack_topology|state_update_rule|tie_embeddings_configurable|uses_logit_scale|uses_logit_softcap|window_schedule_detail|windowed_rope_scope,minicpm,0.7500
mixtral,granitemoe,2023-12-11,2024-08-23,256,1,57,altup|attention_family|attention_output_gating|attention_pattern|attention_projection|bitlinear_weights|block_norm_variant|chunked_kv_cache|conv_on_kv|cross_layer_kv_sharing|dual_attention_modules|expert_bias_correction|ffn_activation_core|ffn_core|ffn_projection_style|gated_delta_net|global_plus_linear_attention_mix|grouped_expert_selection|has_aux_relu2_gate|has_aux_silu_gate|has_moe|has_shared_expert|hybrid_block_schedule|kv_lora_present|kv_reuse_attention|laurel|lm_head_bias|modality|moe_distribution|moe_schedule_type|moe_subtype|ngram_memory|norm_scheme|optional_nope|output_head_connection|periodic_no_rope_layers|positional_encoding|projection_bias_scheme|q_lora_present|qk_norm|residual_scheme|rglru_recurrence|rope_parameterization|rope_partition_detail|router_activation|router_activation_configurable|same_block_attention_ssm|secondary_token_mixer|shared_expert_configurable|stack_topology|state_update_rule|tie_embeddings_configurable|uses_logit_scale|uses_logit_softcap|window_schedule_detail|windowed_rope_scope|zero_expert_option,mixtral,1.0000
granitemoe,olmoe,2024-08-23,2024-09-04,12,1,31,attention_family|attention_projection|bitlinear_weights|conv_on_kv|dual_attention_modules|expert_bias_correction|ffn_activation_core|ffn_core|ffn_projection_style|gated_delta_net|grouped_expert_selection|has_aux_silu_gate|has_moe|kv_layout|kv_lora_present|kv_reuse_attention|laurel|lm_head_bias|modality|moe_distribution|moe_schedule_type|ngram_memory|norm_scheme|residual_scheme|rglru_recurrence|rope_parameterization|stack_topology|state_update_rule|tie_embeddings_configurable|tie_embeddings_default|uses_logit_softcap,granitemoe,0.6000
openelm,olmoe,2024-04-24,2024-09-04,133,0,28,altup|attention_output_gating|attention_pattern|block_norm_variant|chunked_kv_cache|cross_layer_kv_sharing|global_plus_linear_attention_mix|has_aux_relu2_gate|has_shared_expert|hybrid_block_schedule|optional_nope|output_head_connection|periodic_no_rope_layers|positional_encoding|projection_bias_scheme|q_lora_present|qk_norm|qk_norm_detail|residual_update_rule|rope_partition_detail|router_activation_configurable|same_block_attention_ssm|secondary_token_mixer|shared_expert_configurable|uses_logit_scale|window_schedule_detail|windowed_rope_scope|zero_expert_option,granitemoe,
deepseek_v2,minicpm3,2024-05-06,2024-09-05,122,1,45,altup|attention_family|attention_output_gating|attention_pattern|attention_projection|bitlinear_weights|block_norm_variant|chunked_kv_cache|conv_on_kv|cross_layer_kv_sharing|dual_attention_modules|ffn_activation_core|ffn_core|ffn_projection_style|gated_delta_net|global_plus_linear_attention_mix|has_aux_relu2_gate|has_aux_silu_gate|hybrid_block_schedule|kv_layout|kv_lora_present|kv_reuse_attention|laurel|lm_head_bias|modality|ngram_memory|norm_scheme|optional_nope|periodic_no_rope_layers|projection_bias_scheme|q_lora_present|qk_norm|residual_scheme|rglru_recurrence|rope_parameterization|rope_partition_detail|same_block_attention_ssm|secondary_token_mixer|stack_topology|state_update_rule|tie_embeddings_default|uses_logit_scale|uses_logit_softcap|window_schedule_detail|windowed_rope_scope,deepseek_v2,1.0000
phi3,minicpm3,2024-04-22,2024-09-05,136,0,4,has_moe|output_head_connection|positional_encoding|tie_embeddings_configurable,deepseek_v2,
mixtral,nemotron-nas,2023-12-11,2024-09-23,287,0,31,altup|attention_output_gating|attention_projection|bitlinear_weights|block_norm_variant|chunked_kv_cache|conv_on_kv|dual_attention_modules|ffn_core|ffn_projection_style|global_plus_linear_attention_mix|kv_reuse_attention|lm_head_bias|ngram_memory|optional_nope|output_head_connection|periodic_no_rope_layers|positional_encoding|projection_bias_scheme|q_lora_present|qk_norm|residual_scheme|rope_parameterization|rope_partition_detail|secondary_token_mixer|stack_topology|state_update_rule|tie_embeddings_configurable|uses_logit_softcap|window_schedule_detail|windowed_rope_scope,exaone,
qwen,nemotron-nas,2023-08-03,2024-09-23,417,0,17,attention_family|attention_pattern|cross_layer_kv_sharing|gated_delta_net|has_aux_relu2_gate|has_moe|hybrid_block_schedule|kv_layout|kv_lora_present|laurel|modality|norm_scheme|residual_update_rule|rglru_recurrence|same_block_attention_ssm|tie_embeddings_default|uses_logit_scale,exaone,
dbrx,rwkv7,2024-03-27,2024-09-23,180,0,22,attention_pattern|bitlinear_weights|block_norm_variant|chunked_kv_cache|conv_on_kv|cross_layer_kv_sharing|dual_attention_modules|global_plus_linear_attention_mix|has_aux_silu_gate|kv_layout|laurel|lm_head_bias|modality|ngram_memory|norm_scheme|output_head_connection|q_lora_present|qk_norm|same_block_attention_ssm|tie_embeddings_default|uses_logit_scale|window_schedule_detail,mamba,
mamba,rwkv7,2023-12-01,2024-09-23,297,1,19,altup|attention_output_gating|attention_projection|ffn_core|ffn_projection_style|gated_delta_net|has_aux_relu2_gate|has_moe|hybrid_block_schedule|kv_lora_present|kv_reuse_attention|positional_encoding|projection_bias_scheme|residual_scheme|residual_update_rule|rglru_recurrence|secondary_token_mixer|tie_embeddings_configurable|uses_logit_softcap,mamba,0.3500
olmoe,olmo2,2024-09-04,2024-11-26,83,1,49,altup|attention_family|attention_output_gating|attention_pattern|attention_projection|bitlinear_weights|block_norm_variant|chunked_kv_cache|conv_on_kv|cross_layer_kv_sharing|dual_attention_modules|ffn_activation_core|ffn_core|ffn_projection_style|gated_delta_net|global_plus_linear_attention_mix|has_aux_relu2_gate|has_aux_silu_gate|hybrid_block_schedule|kv_layout|kv_lora_present|kv_reuse_attention|laurel|lm_head_bias|modality|ngram_memory|norm_scheme|optional_nope|output_head_connection|periodic_no_rope_layers|positional_encoding|projection_bias_scheme|q_lora_present|qk_norm|qk_norm_detail|residual_update_rule|rglru_recurrence|rope_parameterization|rope_partition_detail|same_block_attention_ssm|secondary_token_mixer|stack_topology|state_update_rule|tie_embeddings_configurable|tie_embeddings_default|uses_logit_scale|uses_logit_softcap|window_schedule_detail|windowed_rope_scope,olmoe,0.9500
cohere,cohere2,2024-03-11,2024-12-11,275,1,45,altup|attention_family|attention_output_gating|attention_projection|bitlinear_weights|block_norm_variant|chunked_kv_cache|conv_on_kv|cross_layer_kv_sharing|dual_attention_modules|ffn_activation_core|ffn_core|ffn_projection_style|gated_delta_net|global_plus_linear_attention_mix|has_aux_relu2_gate|has_aux_silu_gate|has_moe|hybrid_block_schedule|kv_lora_present|kv_reuse_attention|laurel|lm_head_bias|modality|ngram_memory|norm_scheme|optional_nope|output_head_connection|periodic_no_rope_layers|positional_encoding|projection_bias_scheme|q_lora_present|residual_scheme|residual_update_rule|rglru_recurrence|rope_parameterization|rope_partition_detail|same_block_attention_ssm|secondary_token_mixer|stack_topology|state_update_rule|tie_embeddings_configurable|tie_embeddings_default|uses_logit_scale|uses_logit_softcap,cohere,0.9500
deepseek_v2,deepseek_v3,2024-05-06,2024-12-26,234,1,59,altup|attention_family|attention_output_gating|attention_pattern|attention_projection|bitlinear_weights|block_norm_variant|chunked_kv_cache|coefficient_mix_shared_routed|conv_on_kv|cross_layer_kv_sharing|dual_attention_modules|ffn_activation_core|ffn_core|ffn_projection_style|gated_delta_net|global_plus_linear_attention_mix|grouped_expert_selection|has_aux_relu2_gate|has_aux_silu_gate|has_moe|has_shared_expert|hybrid_block_schedule|kv_layout|kv_lora_present|kv_reuse_attention|laurel|lm_head_bias|modality|moe_distribution|moe_schedule_type|moe_subtype|ngram_memory|norm_scheme|optional_nope|output_head_connection|periodic_no_rope_layers|projection_bias_scheme|q_lora_present|qk_norm|residual_scheme|residual_update_rule|rglru_recurrence|rope_parameterization|rope_partition_detail|router_activation_configurable|same_block_attention_ssm|secondary_token_mixer|shared_branch_merge_mode|shared_expert_configurable|stack_topology|state_update_rule|tie_embeddings_configurable|tie_embeddings_default|uses_logit_scale|uses_logit_softcap|window_schedule_detail|windowed_rope_scope|zero_expert_option,deepseek_v2,1.0000
glm,helium,2021-03-18,2025-01-13,1397,1,48,altup|attention_family|attention_output_gating|attention_pattern|attention_projection|bitlinear_weights|block_norm_variant|chunked_kv_cache|conv_on_kv|cross_layer_kv_sharing|dual_attention_modules|ffn_activation_core|ffn_core|gated_delta_net|global_plus_linear_attention_mix|has_aux_relu2_gate|has_aux_silu_gate|has_moe|hybrid_block_schedule|kv_layout|kv_lora_present|kv_reuse_attention|laurel|lm_head_bias|modality|ngram_memory|norm_scheme|optional_nope|output_head_connection|periodic_no_rope_layers|positional_encoding|projection_bias_scheme|q_lora_present|qk_norm|residual_scheme|residual_update_rule|rglru_recurrence|rope_parameterization|rope_partition_detail|same_block_attention_ssm|secondary_token_mixer|stack_topology|state_update_rule|tie_embeddings_configurable|uses_logit_scale|uses_logit_softcap|window_schedule_detail|windowed_rope_scope,glm,0.9000
deepseek_v3,minimax,2024-12-26,2025-01-14,19,0,28,altup|block_norm_variant|conv_on_kv|cross_layer_kv_sharing|dual_attention_modules|expert_bias_correction|ffn_activation_core|ffn_core|ffn_projection_style|global_plus_linear_attention_mix|grouped_expert_selection|has_aux_silu_gate|laurel|lm_head_bias|modality|moe_subtype|ngram_memory|projection_bias_scheme|residual_scheme|residual_update_rule|router_activation|shared_expert_configurable|stack_topology|state_update_rule|tie_embeddings_default|uses_logit_scale|window_schedule_detail|windowed_rope_scope,olmoe,
olmoe,minimax,2024-09-04,2025-01-14,132,1,31,attention_family|attention_output_gating|attention_pattern|attention_projection|bitlinear_weights|chunked_kv_cache|gated_delta_net|has_aux_relu2_gate|has_moe|has_shared_expert|hybrid_block_schedule|kv_layout|kv_lora_present|kv_reuse_attention|moe_distribution|moe_schedule_type|norm_scheme|optional_nope|output_head_connection|periodic_no_rope_layers|q_lora_present|qk_norm|qk_norm_detail|rglru_recurrence|rope_partition_detail|router_activation_configurable|same_block_attention_ssm|secondary_token_mixer|tie_embeddings_configurable|uses_logit_softcap|zero_expert_option,olmoe,0.8500
gemma2,plamo2,2024-06-27,2025-01-14,201,0,6,has_moe|lm_head_bias|norm_scheme|output_head_connection|positional_encoding|residual_scheme,jamba,
jamba,plamo2,2024-03-28,2025-01-14,292,1,41,altup|attention_family|attention_output_gating|attention_pattern|bitlinear_weights|block_norm_variant|chunked_kv_cache|conv_on_kv|cross_layer_kv_sharing|dual_attention_modules|ffn_activation_core|ffn_core|gated_delta_net|global_plus_linear_attention_mix|has_aux_relu2_gate|has_aux_silu_gate|hybrid_block_schedule|kv_lora_present|kv_reuse_attention|laurel|modality|ngram_memory|optional_nope|periodic_no_rope_layers|projection_bias_scheme|q_lora_present|qk_norm|residual_update_rule|rglru_recurrence|rope_parameterization|rope_partition_detail|same_block_attention_ssm|secondary_token_mixer|stack_topology|state_update_rule|tie_embeddings_configurable|tie_embeddings_default|uses_logit_scale|uses_logit_softcap|window_schedule_detail|windowed_rope_scope,jamba,0.8500
internlm2,internlm3,2024-01-17,2025-01-15,364,1,48,altup|attention_family|attention_output_gating|attention_pattern|bitlinear_weights|block_norm_variant|chunked_kv_cache|conv_on_kv|cross_layer_kv_sharing|dual_attention_modules|ffn_activation_core|ffn_core|ffn_projection_style|gated_delta_net|global_plus_linear_attention_mix|has_aux_relu2_gate|has_aux_silu_gate|has_moe|hybrid_block_schedule|kv_layout|kv_lora_present|kv_reuse_attention|laurel|lm_head_bias|modality|ngram_memory|norm_scheme|optional_nope|output_head_connection|periodic_no_rope_layers|positional_encoding|projection_bias_scheme|q_lora_present|qk_norm|residual_update_rule|rglru_recurrence|rope_parameterization|rope_partition_detail|same_block_attention_ssm|secondary_token_mixer|stack_topology|state_update_rule|tie_embeddings_configurable|tie_embeddings_default|uses_logit_scale|uses_logit_softcap|window_schedule_detail|windowed_rope_scope,internlm2,0.6000
cohere2,baichuan_m1,2024-12-11,2025-01-23,43,0,23,altup|attention_family|attention_output_gating|attention_pattern|chunked_kv_cache|ffn_core|ffn_projection_style|gated_delta_net|global_plus_linear_attention_mix|has_aux_silu_gate|has_moe|laurel|lm_head_bias|modality|ngram_memory|positional_encoding|projection_bias_scheme|q_lora_present|qk_norm|residual_update_rule|rope_parameterization|rope_partition_detail|stack_topology,internlm2,
qwen2_moe,baichuan_m1,2024-06-07,2025-01-23,230,0,24,bitlinear_weights|block_norm_variant|cross_layer_kv_sharing|dual_attention_modules|ffn_activation_core|has_aux_relu2_gate|hybrid_block_schedule|kv_layout|kv_lora_present|kv_reuse_attention|norm_scheme|optional_nope|output_head_connection|periodic_no_rope_layers|residual_scheme|rglru_recurrence|same_block_attention_ssm|secondary_token_mixer|state_update_rule|tie_embeddings_configurable|tie_embeddings_default|uses_logit_scale|uses_logit_softcap|windowed_rope_scope,internlm2,
deepseek_v3,bailing_moe,2024-12-26,2025-02-28,64,0,22,altup|attention_output_gating|coefficient_mix_shared_routed|dual_attention_modules|expert_bias_correction|ffn_projection_style|has_aux_silu_gate|has_moe|has_shared_expert|kv_reuse_attention|laurel|modality|moe_distribution|moe_schedule_type|optional_nope|residual_update_rule|router_activation|shared_branch_merge_mode|state_update_rule|tie_embeddings_default|uses_logit_scale|window_schedule_detail,minimax,
olmoe,bailing_moe,2024-09-04,2025-02-28,177,0,37,attention_family|attention_pattern|bitlinear_weights|block_norm_variant|chunked_kv_cache|conv_on_kv|cross_layer_kv_sharing|ffn_activation_core|ffn_core|gated_delta_net|global_plus_linear_attention_mix|grouped_expert_selection|has_aux_relu2_gate|hybrid_block_schedule|kv_layout|kv_lora_present|lm_head_bias|moe_subtype|ngram_memory|norm_scheme|output_head_connection|periodic_no_rope_layers|projection_bias_scheme|q_lora_present|qk_norm|qk_norm_detail|residual_scheme|rglru_recurrence|rope_parameterization|rope_partition_detail|same_block_attention_ssm|secondary_token_mixer|stack_topology|tie_embeddings_configurable|uses_logit_softcap|windowed_rope_scope|zero_expert_option,minimax,
gemma2,gemma3_text,2024-06-27,2025-03-12,258,0,18,block_norm_variant|conv_on_kv|cross_layer_kv_sharing|ffn_activation_core|ffn_core|ffn_projection_style|has_aux_silu_gate|kv_reuse_attention|lm_head_bias|modality|norm_scheme|optional_nope|same_block_attention_ssm|secondary_token_mixer|state_update_rule|tie_embeddings_configurable|tie_embeddings_default|uses_logit_scale,olmo2,
olmo2,gemma3_text,2024-11-26,2025-03-12,106,1,27,altup|attention_family|attention_output_gating|attention_projection|bitlinear_weights|chunked_kv_cache|dual_attention_modules|gated_delta_net|global_plus_linear_attention_mix|has_aux_relu2_gate|has_moe|hybrid_block_schedule|kv_lora_present|laurel|ngram_memory|output_head_connection|periodic_no_rope_layers|projection_bias_scheme|q_lora_present|qk_norm|qk_norm_detail|residual_scheme|rglru_recurrence|rope_parameterization|rope_partition_detail|stack_topology|uses_logit_softcap,olmo2,0.3000
deepseek_v3,nemotron_h,2024-12-26,2025-03-20,84,0,21,altup|block_norm_variant|dual_attention_modules|expert_bias_correction|ffn_core|global_plus_linear_attention_mix|has_moe|has_shared_expert|lm_head_bias|ngram_memory|output_head_connection|qk_norm|residual_scheme|residual_update_rule|router_activation|shared_branch_merge_mode|tie_embeddings_configurable|tie_embeddings_default|uses_logit_scale|uses_logit_softcap|window_schedule_detail,jamba,
jamba,nemotron_h,2024-03-28,2025-03-20,357,1,30,attention_family|attention_output_gating|attention_pattern|attention_projection|bitlinear_weights|chunked_kv_cache|coefficient_mix_shared_routed|conv_on_kv|cross_layer_kv_sharing|ffn_activation_core|gated_delta_net|grouped_expert_selection|has_aux_silu_gate|kv_layout|kv_lora_present|kv_reuse_attention|laurel|modality|moe_schedule_type|positional_encoding|projection_bias_scheme|q_lora_present|rglru_recurrence|router_activation_configurable|same_block_attention_ssm|secondary_token_mixer|shared_expert_configurable|stack_topology|state_update_rule|zero_expert_option,jamba,0.7500
deepseek_v3,llama4,2024-12-26,2025-04-05,100,0,28,altup|bitlinear_weights|conv_on_kv|dual_attention_modules|ffn_activation_core|gated_delta_net|global_plus_linear_attention_mix|grouped_expert_selection|has_shared_expert|hybrid_block_schedule|kv_reuse_attention|lm_head_bias|moe_distribution|ngram_memory|norm_scheme|output_head_connection|residual_update_rule|rglru_recurrence|rope_parameterization|same_block_attention_ssm|shared_branch_merge_mode|stack_topology|state_update_rule|tie_embeddings_configurable|tie_embeddings_default|uses_logit_scale|window_schedule_detail|zero_expert_option,olmoe,
olmoe,llama4,2024-09-04,2025-04-05,213,1,29,attention_family|attention_output_gating|attention_projection|block_norm_variant|coefficient_mix_shared_routed|cross_layer_kv_sharing|expert_bias_correction|ffn_core|ffn_projection_style|has_aux_relu2_gate|has_aux_silu_gate|has_moe|kv_layout|kv_lora_present|laurel|moe_subtype|optional_nope|positional_encoding|projection_bias_scheme|q_lora_present|qk_norm|qk_norm_detail|residual_scheme|router_activation|router_activation_configurable|secondary_token_mixer|shared_expert_configurable|uses_logit_softcap|windowed_rope_scope,olmoe,0.5500
minimax,llama4_text,2025-01-14,2025-04-05,81,1,29,altup|attention_family|attention_pattern|attention_projection|chunked_kv_cache|conv_on_kv|cross_layer_kv_sharing|dual_attention_modules|ffn_activation_core|ffn_projection_style|gated_delta_net|hybrid_block_schedule|kv_layout|kv_lora_present|laurel|modality|ngram_memory|norm_scheme|optional_nope|projection_bias_scheme|q_lora_present|qk_norm|qk_norm_detail|residual_scheme|rope_parameterization|rope_partition_detail|stack_topology|state_update_rule|tie_embeddings_configurable,minimax,0.6500
plamo2,llama4_text,2025-01-14,2025-04-05,81,0,21,attention_output_gating|bitlinear_weights|block_norm_variant|ffn_core|global_plus_linear_attention_mix|has_aux_relu2_gate|has_aux_silu_gate|has_moe|kv_reuse_attention|lm_head_bias|output_head_connection|periodic_no_rope_layers|positional_encoding|residual_update_rule|rglru_recurrence|same_block_attention_ssm|secondary_token_mixer|uses_logit_scale|uses_logit_softcap|window_schedule_detail|windowed_rope_scope,minimax,
bailing_moe,bailing_moe_linear,2025-02-28,2025-04-24,55,1,56,altup|attention_projection|bitlinear_weights|block_norm_variant|chunked_kv_cache|coefficient_mix_shared_routed|conv_on_kv|cross_layer_kv_sharing|dual_attention_modules|expert_bias_correction|ffn_activation_core|ffn_core|ffn_projection_style|gated_delta_net|grouped_expert_selection|has_aux_relu2_gate|has_aux_silu_gate|has_moe|has_shared_expert|kv_layout|kv_lora_present|kv_reuse_attention|laurel|lm_head_bias|modality|moe_distribution|moe_schedule_type|moe_subtype|ngram_memory|norm_scheme|optional_nope|output_head_connection|periodic_no_rope_layers|positional_encoding|projection_bias_scheme|q_lora_present|qk_norm|qk_norm_detail|residual_scheme|residual_update_rule|rglru_recurrence|rope_parameterization|rope_partition_detail|router_activation|router_activation_configurable|same_block_attention_ssm|secondary_token_mixer|shared_branch_merge_mode|shared_expert_configurable|tie_embeddings_configurable|tie_embeddings_default|uses_logit_scale|uses_logit_softcap|window_schedule_detail|windowed_rope_scope|zero_expert_option,bailing_moe,1.0000
olmo2,qwen3,2024-11-26,2025-04-29,154,1,49,altup|attention_family|attention_output_gating|attention_pattern|attention_projection|bitlinear_weights|block_norm_variant|chunked_kv_cache|conv_on_kv|cross_layer_kv_sharing|dual_attention_modules|ffn_activation_core|ffn_core|ffn_projection_style|gated_delta_net|global_plus_linear_attention_mix|has_aux_relu2_gate|has_aux_silu_gate|has_moe|hybrid_block_schedule|kv_layout|kv_lora_present|kv_reuse_attention|laurel|lm_head_bias|modality|ngram_memory|norm_scheme|optional_nope|output_head_connection|periodic_no_rope_layers|positional_encoding|projection_bias_scheme|q_lora_present|qk_norm|qk_norm_detail|residual_update_rule|rglru_recurrence|rope_parameterization|rope_partition_detail|same_block_attention_ssm|secondary_token_mixer|stack_topology|state_update_rule|tie_embeddings_configurable|uses_logit_scale|uses_logit_softcap|window_schedule_detail|windowed_rope_scope,olmo2,0.4500
llama4,qwen3_moe,2025-04-05,2025-04-29,24,0,31,altup|attention_projection|bitlinear_weights|cross_layer_kv_sharing|dual_attention_modules|gated_delta_net|grouped_expert_selection|has_aux_silu_gate|has_moe|kv_layout|kv_lora_present|kv_reuse_attention|laurel|lm_head_bias|moe_distribution|moe_schedule_type|norm_scheme|positional_encoding|qk_norm|qk_norm_detail|residual_scheme|rglru_recurrence|rope_parameterization|same_block_attention_ssm|secondary_token_mixer|shared_expert_configurable|state_update_rule|uses_logit_scale|uses_logit_softcap|window_schedule_detail|windowed_rope_scope,granitemoe,
mixtral,qwen3_moe,2023-12-11,2025-04-29,505,0,29,attention_family|attention_output_gating|attention_pattern|block_norm_variant|chunked_kv_cache|conv_on_kv|expert_bias_correction|ffn_activation_core|ffn_core|ffn_projection_style|global_plus_linear_attention_mix|has_aux_relu2_gate|has_shared_expert|hybrid_block_schedule|modality|moe_subtype|ngram_memory|optional_nope|output_head_connection|periodic_no_rope_layers|projection_bias_scheme|q_lora_present|residual_update_rule|rope_partition_detail|router_activation|router_activation_configurable|stack_topology|tie_embeddings_configurable|zero_expert_option,granitemoe,
granitemoe,granitemoehybrid,2024-08-23,2025-04-30,250,1,35,altup|attention_output_gating|coefficient_mix_shared_routed|cross_layer_kv_sharing|dual_attention_modules|expert_bias_correction|ffn_activation_core|ffn_core|ffn_projection_style|gated_delta_net|global_plus_linear_attention_mix|has_aux_relu2_gate|kv_layout|kv_lora_present|kv_reuse_attention|laurel|lm_head_bias|modality|moe_schedule_type|moe_subtype|output_head_connection|periodic_no_rope_layers|positional_encoding|projection_bias_scheme|residual_scheme|residual_update_rule|router_activation|router_activation_configurable|same_block_attention_ssm|shared_expert_configurable|tie_embeddings_configurable|tie_embeddings_default|uses_logit_scale|windowed_rope_scope|zero_expert_option,granitemoe,0.6000
nemotron_h,granitemoehybrid,2025-03-20,2025-04-30,41,0,24,attention_family|attention_pattern|attention_projection|bitlinear_weights|block_norm_variant|chunked_kv_cache|conv_on_kv|grouped_expert_selection|has_aux_silu_gate|has_moe|has_shared_expert|hybrid_block_schedule|ngram_memory|q_lora_present|qk_norm|rglru_recurrence|rope_parameterization|rope_partition_detail|secondary_token_mixer|shared_branch_merge_mode|stack_topology|state_update_rule|uses_logit_softcap|window_schedule_detail,granitemoe,
qwen2_moe,mimo,2024-06-07,2025-05-12,339,1,49,altup|attention_family|attention_output_gating|attention_pattern|attention_projection|bitlinear_weights|block_norm_variant|chunked_kv_cache|conv_on_kv|cross_layer_kv_sharing|dual_attention_modules|ffn_activation_core|ffn_core|ffn_projection_style|gated_delta_net|global_plus_linear_attention_mix|has_aux_relu2_gate|has_aux_silu_gate|hybrid_block_schedule|kv_layout|kv_lora_present|kv_reuse_attention|laurel|lm_head_bias|modality|ngram_memory|norm_scheme|optional_nope|output_head_connection|periodic_no_rope_layers|positional_encoding|projection_bias_scheme|q_lora_present|qk_norm|residual_scheme|residual_update_rule|rglru_recurrence|rope_parameterization|rope_partition_detail|same_block_attention_ssm|secondary_token_mixer|stack_topology|state_update_rule|tie_embeddings_configurable|tie_embeddings_default|uses_logit_scale|uses_logit_softcap|window_schedule_detail|windowed_rope_scope,qwen2_moe,0.5000
phimoe,falcon_h1,2024-08-17,2025-05-20,276,0,24,altup|attention_output_gating|attention_projection|bitlinear_weights|conv_on_kv|cross_layer_kv_sharing|ffn_activation_core|ffn_projection_style|global_plus_linear_attention_mix|has_aux_relu2_gate|kv_layout|laurel|modality|norm_scheme|optional_nope|output_head_connection|q_lora_present|residual_scheme|residual_update_rule|rglru_recurrence|rope_parameterization|secondary_token_mixer|window_schedule_detail|windowed_rope_scope,plamo2,
plamo2,falcon_h1,2025-01-14,2025-05-20,126,1,23,attention_family|attention_pattern|block_norm_variant|chunked_kv_cache|dual_attention_modules|gated_delta_net|has_aux_silu_gate|has_moe|kv_lora_present|kv_reuse_attention|lm_head_bias|ngram_memory|periodic_no_rope_layers|positional_encoding|projection_bias_scheme|qk_norm|rope_partition_detail|stack_topology|state_update_rule|tie_embeddings_configurable|tie_embeddings_default|uses_logit_scale|uses_logit_softcap,plamo2,0.8000
gemma3_text,gemma3n,2025-03-12,2025-05-20,69,1,27,attention_projection|bitlinear_weights|conv_on_kv|dual_attention_modules|ffn_activation_core|ffn_projection_style|gated_delta_net|global_plus_linear_attention_mix|has_aux_silu_gate|has_moe|hybrid_block_schedule|kv_lora_present|lm_head_bias|ngram_memory|norm_scheme|optional_nope|positional_encoding|projection_bias_scheme|q_lora_present|residual_scheme|rglru_recurrence|rope_partition_detail|secondary_token_mixer|tie_embeddings_configurable|tie_embeddings_default|window_schedule_detail|windowed_rope_scope,gemma3_text,0.3500
llama,gemma3n,2023-02-27,2025-05-20,813,0,16,attention_family|attention_output_gating|attention_pattern|block_norm_variant|chunked_kv_cache|ffn_core|has_aux_relu2_gate|kv_layout|kv_reuse_attention|periodic_no_rope_layers|residual_update_rule|rope_parameterization|same_block_attention_ssm|stack_topology|state_update_rule|uses_logit_scale,gemma3_text,
openelm,afm7,2024-04-24,2025-05-27,398,1,47,altup|attention_family|attention_output_gating|attention_pattern|attention_projection|bitlinear_weights|block_norm_variant|chunked_kv_cache|conv_on_kv|dual_attention_modules|ffn_activation_core|ffn_core|gated_delta_net|global_plus_linear_attention_mix|has_aux_relu2_gate|has_aux_silu_gate|has_moe|hybrid_block_schedule|kv_layout|kv_lora_present|laurel|lm_head_bias|modality|ngram_memory|norm_scheme|optional_nope|output_head_connection|periodic_no_rope_layers|positional_encoding|projection_bias_scheme|q_lora_present|qk_norm|qk_norm_detail|residual_update_rule|rglru_recurrence|rope_parameterization|rope_partition_detail|same_block_attention_ssm|secondary_token_mixer|stack_topology|state_update_rule|tie_embeddings_configurable|tie_embeddings_default|uses_logit_scale|uses_logit_softcap|window_schedule_detail|windowed_rope_scope,openelm,1.0000
deepseek,dots1,2024-01-08,2025-06-06,515,0,35,altup|attention_family|chunked_kv_cache|coefficient_mix_shared_routed|conv_on_kv|cross_layer_kv_sharing|ffn_activation_core|ffn_core|ffn_projection_style|global_plus_linear_attention_mix|has_aux_silu_gate|has_moe|has_shared_expert|hybrid_block_schedule|kv_lora_present|lm_head_bias|modality|moe_distribution|moe_schedule_type|ngram_memory|periodic_no_rope_layers|positional_encoding|projection_bias_scheme|q_lora_present|residual_scheme|residual_update_rule|rope_parameterization|router_activation_configurable|same_block_attention_ssm|shared_branch_merge_mode|shared_expert_configurable|stack_topology|state_update_rule|tie_embeddings_default|uses_logit_softcap,bailing_moe,
minimax,dots1,2025-01-14,2025-06-06,143,0,28,attention_output_gating|attention_pattern|attention_projection|bitlinear_weights|block_norm_variant|dual_attention_modules|expert_bias_correction|gated_delta_net|grouped_expert_selection|has_aux_relu2_gate|kv_layout|kv_reuse_attention|laurel|moe_subtype|norm_scheme|optional_nope|output_head_connection|qk_norm|qk_norm_detail|rglru_recurrence|rope_partition_detail|router_activation|secondary_token_mixer|tie_embeddings_configurable|uses_logit_scale|window_schedule_detail|windowed_rope_scope|zero_expert_option,bailing_moe,
bailing_moe,hunyuan,2025-02-28,2025-06-27,119,0,36,attention_pattern|block_norm_variant|conv_on_kv|dual_attention_modules|ffn_activation_core|ffn_projection_style|grouped_expert_selection|has_moe|has_shared_expert|hybrid_block_schedule|kv_layout|kv_reuse_attention|lm_head_bias|ngram_memory|norm_scheme|optional_nope|output_head_connection|q_lora_present|qk_norm|qk_norm_detail|residual_scheme|residual_update_rule|rglru_recurrence|rope_parameterization|same_block_attention_ssm|secondary_token_mixer|shared_branch_merge_mode|stack_topology|state_update_rule|tie_embeddings_configurable|tie_embeddings_default|uses_logit_scale|uses_logit_softcap|window_schedule_detail|windowed_rope_scope|zero_expert_option,qwen2_moe,
dbrx,hunyuan,2024-03-27,2025-06-27,457,0,24,altup|attention_family|attention_output_gating|bitlinear_weights|chunked_kv_cache|coefficient_mix_shared_routed|expert_bias_correction|ffn_core|gated_delta_net|global_plus_linear_attention_mix|has_aux_relu2_gate|has_aux_silu_gate|kv_lora_present|laurel|modality|moe_distribution|moe_schedule_type|moe_subtype|periodic_no_rope_layers|projection_bias_scheme|rope_partition_detail|router_activation|router_activation_configurable|shared_expert_configurable,qwen2_moe,
helium,ernie4_5,2025-01-13,2025-06-28,166,1,48,altup|attention_family|attention_output_gating|attention_pattern|attention_projection|bitlinear_weights|block_norm_variant|chunked_kv_cache|conv_on_kv|cross_layer_kv_sharing|dual_attention_modules|ffn_activation_core|ffn_projection_style|gated_delta_net|global_plus_linear_attention_mix|has_aux_relu2_gate|has_aux_silu_gate|has_moe|hybrid_block_schedule|kv_layout|kv_lora_present|kv_reuse_attention|laurel|lm_head_bias|modality|ngram_memory|norm_scheme|optional_nope|output_head_connection|periodic_no_rope_layers|positional_encoding|projection_bias_scheme|q_lora_present|qk_norm|residual_scheme|residual_update_rule|rglru_recurrence|rope_parameterization|rope_partition_detail|same_block_attention_ssm|secondary_token_mixer|stack_topology|state_update_rule|tie_embeddings_configurable|uses_logit_scale|uses_logit_softcap|window_schedule_detail|windowed_rope_scope,helium,0.5000
nemotron_h,ernie4_5_moe,2025-03-20,2025-06-28,100,0,20,altup|coefficient_mix_shared_routed|conv_on_kv|cross_layer_kv_sharing|dual_attention_modules|expert_bias_correction|ffn_activation_core|ffn_core|grouped_expert_selection|has_shared_expert|kv_reuse_attention|modality|ngram_memory|periodic_no_rope_layers|qk_norm|rope_parameterization|rope_partition_detail|same_block_attention_ssm|shared_branch_merge_mode|windowed_rope_scope,olmoe,
olmoe,ernie4_5_moe,2024-09-04,2025-06-28,297,1,41,attention_family|attention_output_gating|attention_pattern|attention_projection|bitlinear_weights|block_norm_variant|chunked_kv_cache|ffn_projection_style|gated_delta_net|global_plus_linear_attention_mix|has_aux_relu2_gate|has_aux_silu_gate|has_moe|hybrid_block_schedule|kv_layout|kv_lora_present|laurel|lm_head_bias|moe_distribution|moe_schedule_type|moe_subtype|norm_scheme|optional_nope|output_head_connection|positional_encoding|projection_bias_scheme|q_lora_present|residual_scheme|residual_update_rule|rglru_recurrence|router_activation|router_activation_configurable|secondary_token_mixer|shared_expert_configurable|stack_topology|state_update_rule|tie_embeddings_configurable|uses_logit_scale|uses_logit_softcap|window_schedule_detail|zero_expert_option,olmoe,0.7500
afm7,smollm3,2025-05-27,2025-07-08,42,0,20,attention_pattern|bitlinear_weights|block_norm_variant|conv_on_kv|dual_attention_modules|ffn_projection_style|gated_delta_net|global_plus_linear_attention_mix|has_aux_relu2_gate|hybrid_block_schedule|kv_lora_present|laurel|ngram_memory|output_head_connection|periodic_no_rope_layers|positional_encoding|projection_bias_scheme|tie_embeddings_default|uses_logit_softcap|windowed_rope_scope,olmo,
olmo,smollm3,2024-02-01,2025-07-08,523,1,28,altup|attention_family|attention_output_gating|attention_projection|chunked_kv_cache|cross_layer_kv_sharing|ffn_core|has_aux_silu_gate|has_moe|kv_layout|kv_reuse_attention|lm_head_bias|modality|optional_nope|q_lora_present|qk_norm|residual_scheme|residual_update_rule|rglru_recurrence|rope_parameterization|rope_partition_detail|same_block_attention_ssm|secondary_token_mixer|stack_topology|state_update_rule|tie_embeddings_configurable|uses_logit_scale|window_schedule_detail,olmo,0.7000
exaone,lfm2,2024-08-07,2025-07-10,337,1,45,altup|attention_family|attention_output_gating|attention_pattern|attention_projection|bitlinear_weights|block_norm_variant|chunked_kv_cache|conv_on_kv|cross_layer_kv_sharing|dual_attention_modules|ffn_activation_core|ffn_core|ffn_projection_style|gated_delta_net|global_plus_linear_attention_mix|has_aux_relu2_gate|has_aux_silu_gate|has_moe|kv_layout|kv_lora_present|kv_reuse_attention|laurel|lm_head_bias|modality|ngram_memory|optional_nope|output_head_connection|periodic_no_rope_layers|positional_encoding|projection_bias_scheme|q_lora_present|qk_norm|residual_scheme|residual_update_rule|rglru_recurrence|rope_partition_detail|same_block_attention_ssm|stack_topology|state_update_rule|tie_embeddings_default|uses_logit_scale|uses_logit_softcap|window_schedule_detail|windowed_rope_scope,exaone,0.6000
cohere2,exaone4,2024-12-11,2025-07-15,216,0,24,attention_family|attention_output_gating|attention_pattern|bitlinear_weights|cross_layer_kv_sharing|ffn_activation_core|ffn_core|ffn_projection_style|gated_delta_net|has_aux_silu_gate|has_moe|hybrid_block_schedule|kv_lora_present|kv_reuse_attention|laurel|periodic_no_rope_layers|positional_encoding|projection_bias_scheme|residual_update_rule|secondary_token_mixer|stack_topology|state_update_rule|window_schedule_detail|windowed_rope_scope,olmo2,
olmo2,exaone4,2024-11-26,2025-07-15,231,1,26,altup|attention_projection|block_norm_variant|chunked_kv_cache|conv_on_kv|dual_attention_modules|global_plus_linear_attention_mix|has_aux_relu2_gate|kv_layout|lm_head_bias|modality|ngram_memory|norm_scheme|optional_nope|output_head_connection|q_lora_present|qk_norm|qk_norm_detail|residual_scheme|rglru_recurrence|rope_parameterization|rope_partition_detail|same_block_attention_ssm|tie_embeddings_configurable|uses_logit_scale|uses_logit_softcap,olmo2,0.6500
dots1,glm4_moe,2025-06-06,2025-07-28,52,1,60,altup|attention_family|attention_output_gating|attention_pattern|attention_projection|bitlinear_weights|block_norm_variant|chunked_kv_cache|coefficient_mix_shared_routed|conv_on_kv|cross_layer_kv_sharing|dual_attention_modules|expert_bias_correction|ffn_activation_core|ffn_core|ffn_projection_style|gated_delta_net|global_plus_linear_attention_mix|grouped_expert_selection|has_aux_relu2_gate|has_aux_silu_gate|has_moe|has_shared_expert|hybrid_block_schedule|kv_layout|kv_lora_present|kv_reuse_attention|laurel|lm_head_bias|modality|moe_distribution|moe_schedule_type|moe_subtype|ngram_memory|norm_scheme|optional_nope|periodic_no_rope_layers|projection_bias_scheme|q_lora_present|qk_norm|qk_norm_detail|residual_scheme|residual_update_rule|rglru_recurrence|rope_parameterization|rope_partition_detail|router_activation|router_activation_configurable|same_block_attention_ssm|secondary_token_mixer|shared_branch_merge_mode|shared_expert_configurable|stack_topology|state_update_rule|tie_embeddings_configurable|uses_logit_scale|uses_logit_softcap|window_schedule_detail|windowed_rope_scope|zero_expert_option,dots1,0.9500
deepseek_v3,glm4_moe_lite,2024-12-26,2025-07-28,214,1,61,altup|attention_family|attention_output_gating|attention_pattern|attention_projection|bitlinear_weights|block_norm_variant|chunked_kv_cache|coefficient_mix_shared_routed|conv_on_kv|cross_layer_kv_sharing|dual_attention_modules|expert_bias_correction|ffn_activation_core|ffn_core|ffn_projection_style|gated_delta_net|global_plus_linear_attention_mix|grouped_expert_selection|has_aux_relu2_gate|has_aux_silu_gate|has_moe|has_shared_expert|hybrid_block_schedule|kv_layout|kv_lora_present|kv_reuse_attention|laurel|lm_head_bias|modality|moe_distribution|moe_schedule_type|moe_subtype|ngram_memory|norm_scheme|optional_nope|output_head_connection|periodic_no_rope_layers|positional_encoding|projection_bias_scheme|q_lora_present|qk_norm|residual_scheme|residual_update_rule|rglru_recurrence|rope_parameterization|rope_partition_detail|router_activation|router_activation_configurable|same_block_attention_ssm|secondary_token_mixer|shared_branch_merge_mode|shared_expert_configurable|stack_topology|state_update_rule|tie_embeddings_default|uses_logit_scale|uses_logit_softcap|window_schedule_detail|windowed_rope_scope|zero_expert_option,deepseek_v3,1.0000
internlm3,hunyuan_v1_dense,2025-01-15,2025-07-30,196,1,49,altup|attention_family|attention_output_gating|attention_pattern|attention_projection|bitlinear_weights|block_norm_variant|chunked_kv_cache|conv_on_kv|cross_layer_kv_sharing|dual_attention_modules|ffn_activation_core|ffn_core|ffn_projection_style|gated_delta_net|global_plus_linear_attention_mix|has_aux_relu2_gate|has_aux_silu_gate|has_moe|hybrid_block_schedule|kv_layout|kv_lora_present|kv_reuse_attention|laurel|lm_head_bias|modality|ngram_memory|norm_scheme|optional_nope|output_head_connection|periodic_no_rope_layers|positional_encoding|projection_bias_scheme|q_lora_present|residual_scheme|residual_update_rule|rglru_recurrence|rope_parameterization|rope_partition_detail|same_block_attention_ssm|secondary_token_mixer|stack_topology|state_update_rule|tie_embeddings_configurable|tie_embeddings_default|uses_logit_scale|uses_logit_softcap|window_schedule_detail|windowed_rope_scope,internlm3,0.3000
olmoe,gpt_oss,2024-09-04,2025-08-05,335,0,26,bitlinear_weights|block_norm_variant|cross_layer_kv_sharing|dual_attention_modules|expert_bias_correction|ffn_activation_core|ffn_core|ffn_projection_style|global_plus_linear_attention_mix|has_aux_relu2_gate|has_moe|has_shared_expert|moe_distribution|moe_schedule_type|moe_subtype|norm_scheme|optional_nope|periodic_no_rope_layers|positional_encoding|residual_scheme|rglru_recurrence|rope_parameterization|router_activation|shared_expert_configurable|state_update_rule|windowed_rope_scope,phimoe,
phi,gpt_oss,2023-06-15,2025-08-05,782,0,31,altup|attention_family|attention_output_gating|attention_projection|chunked_kv_cache|conv_on_kv|gated_delta_net|grouped_expert_selection|has_aux_silu_gate|hybrid_block_schedule|kv_lora_present|kv_reuse_attention|laurel|lm_head_bias|modality|ngram_memory|output_head_connection|projection_bias_scheme|q_lora_present|qk_norm|residual_update_rule|rope_partition_detail|router_activation_configurable|same_block_attention_ssm|secondary_token_mixer|stack_topology|tie_embeddings_configurable|tie_embeddings_default|uses_logit_scale|uses_logit_softcap|zero_expert_option,phimoe,
minicpm,seed_oss,2024-02-01,2025-08-20,566,0,48,altup|attention_family|attention_output_gating|attention_pattern|attention_projection|bitlinear_weights|block_norm_variant|chunked_kv_cache|conv_on_kv|cross_layer_kv_sharing|dual_attention_modules|ffn_activation_core|ffn_core|ffn_projection_style|gated_delta_net|global_plus_linear_attention_mix|has_aux_relu2_gate|has_aux_silu_gate|has_moe|hybrid_block_schedule|kv_layout|kv_lora_present|kv_reuse_attention|laurel|lm_head_bias|modality|ngram_memory|norm_scheme|optional_nope|output_head_connection|periodic_no_rope_layers|positional_encoding|projection_bias_scheme|q_lora_present|qk_norm|residual_scheme|rglru_recurrence|rope_parameterization|rope_partition_detail|same_block_attention_ssm|secondary_token_mixer|stack_topology|state_update_rule|tie_embeddings_configurable|uses_logit_scale|uses_logit_softcap|window_schedule_detail|windowed_rope_scope,qwen2,
afm7,lille-130m,2025-05-27,2025-08-31,96,0,19,attention_family|attention_pattern|attention_projection|chunked_kv_cache|ffn_activation_core|gated_delta_net|has_aux_silu_gate|has_moe|kv_layout|lm_head_bias|periodic_no_rope_layers|positional_encoding|q_lora_present|same_block_attention_ssm|stack_topology|state_update_rule|tie_embeddings_default|uses_logit_softcap|windowed_rope_scope,nemotron-nas,
mamba,lille-130m,2023-12-01,2025-08-31,639,0,29,altup|attention_output_gating|bitlinear_weights|block_norm_variant|conv_on_kv|cross_layer_kv_sharing|dual_attention_modules|ffn_core|ffn_projection_style|global_plus_linear_attention_mix|has_aux_relu2_gate|hybrid_block_schedule|kv_lora_present|kv_reuse_attention|laurel|modality|ngram_memory|optional_nope|projection_bias_scheme|qk_norm|residual_scheme|residual_update_rule|rglru_recurrence|rope_parameterization|rope_partition_detail|secondary_token_mixer|tie_embeddings_configurable|uses_logit_scale|window_schedule_detail,nemotron-nas,
glm4_moe_lite,longcat_flash,2025-07-28,2025-09-01,35,0,33,altup|attention_family|attention_output_gating|attention_pattern|attention_projection|bitlinear_weights|cross_layer_kv_sharing|dual_attention_modules|expert_bias_correction|ffn_activation_core|ffn_projection_style|gated_delta_net|global_plus_linear_attention_mix|has_aux_relu2_gate|has_aux_silu_gate|hybrid_block_schedule|kv_layout|kv_lora_present|lm_head_bias|ngram_memory|output_head_connection|periodic_no_rope_layers|positional_encoding|projection_bias_scheme|q_lora_present|qk_norm|rglru_recurrence|rope_parameterization|rope_partition_detail|stack_topology|state_update_rule|tie_embeddings_default|window_schedule_detail,deepseek_v3,
gpt_oss,longcat_flash,2025-08-05,2025-09-01,27,0,26,block_norm_variant|chunked_kv_cache|conv_on_kv|ffn_core|grouped_expert_selection|has_moe|has_shared_expert|kv_reuse_attention|laurel|modality|moe_distribution|moe_schedule_type|moe_subtype|norm_scheme|optional_nope|residual_scheme|residual_update_rule|router_activation|router_activation_configurable|same_block_attention_ssm|secondary_token_mixer|shared_expert_configurable|tie_embeddings_configurable|uses_logit_scale|uses_logit_softcap|windowed_rope_scope,deepseek_v3,
glm4_moe,apertus,2025-07-28,2025-09-02,36,1,24,altup|attention_family|attention_output_gating|attention_pattern|attention_projection|block_norm_variant|chunked_kv_cache|conv_on_kv|cross_layer_kv_sharing|global_plus_linear_attention_mix|has_aux_relu2_gate|kv_layout|laurel|modality|norm_scheme|output_head_connection|q_lora_present|qk_norm|qk_norm_detail|rope_parameterization|secondary_token_mixer|tie_embeddings_configurable|window_schedule_detail|windowed_rope_scope,glm4_moe,0.4000
smollm3,apertus,2025-07-08,2025-09-02,56,0,25,bitlinear_weights|dual_attention_modules|ffn_activation_core|ffn_core|gated_delta_net|has_aux_silu_gate|has_moe|hybrid_block_schedule|kv_lora_present|kv_reuse_attention|lm_head_bias|ngram_memory|optional_nope|periodic_no_rope_layers|positional_encoding|projection_bias_scheme|residual_scheme|residual_update_rule|rglru_recurrence|rope_partition_detail|same_block_attention_ssm|stack_topology|state_update_rule|uses_logit_scale|uses_logit_softcap,glm4_moe,
dots1,Klear,2025-06-06,2025-09-04,90,1,33,attention_family|attention_pattern|block_norm_variant|cross_layer_kv_sharing|ffn_projection_style|global_plus_linear_attention_mix|grouped_expert_selection|has_aux_relu2_gate|has_aux_silu_gate|has_moe|has_shared_expert|hybrid_block_schedule|kv_layout|lm_head_bias|moe_distribution|moe_subtype|ngram_memory|norm_scheme|periodic_no_rope_layers|positional_encoding|projection_bias_scheme|qk_norm|qk_norm_detail|residual_scheme|residual_update_rule|router_activation|router_activation_configurable|same_block_attention_ssm|stack_topology|state_update_rule|tie_embeddings_default|uses_logit_scale|uses_logit_softcap,dots1,0.3000
nemotron_h,Klear,2025-03-20,2025-09-04,168,0,28,altup|attention_output_gating|attention_projection|bitlinear_weights|chunked_kv_cache|conv_on_kv|dual_attention_modules|expert_bias_correction|ffn_activation_core|ffn_core|gated_delta_net|kv_lora_present|kv_reuse_attention|laurel|modality|moe_schedule_type|optional_nope|output_head_connection|q_lora_present|rglru_recurrence|rope_parameterization|rope_partition_detail|secondary_token_mixer|shared_expert_configurable|tie_embeddings_configurable|window_schedule_detail|windowed_rope_scope|zero_expert_option,dots1,
bailing_moe_linear,qwen3_next,2025-04-24,2025-09-09,138,1,49,altup|attention_output_gating|attention_pattern|bitlinear_weights|block_norm_variant|chunked_kv_cache|coefficient_mix_shared_routed|conv_on_kv|cross_layer_kv_sharing|dual_attention_modules|ffn_activation_core|ffn_core|ffn_projection_style|grouped_expert_selection|has_aux_relu2_gate|has_moe|has_shared_expert|hybrid_block_schedule|kv_layout|kv_lora_present|kv_reuse_attention|laurel|lm_head_bias|modality|moe_distribution|ngram_memory|optional_nope|output_head_connection|periodic_no_rope_layers|positional_encoding|projection_bias_scheme|q_lora_present|qk_norm|qk_norm_detail|residual_scheme|residual_update_rule|rglru_recurrence|rope_parameterization|rope_partition_detail|same_block_attention_ssm|secondary_token_mixer|stack_topology|tie_embeddings_configurable|tie_embeddings_default|uses_logit_scale|uses_logit_softcap|window_schedule_detail|windowed_rope_scope|zero_expert_option,bailing_moe_linear,0.9000
nemotron_h,qwen3_next,2025-03-20,2025-09-09,173,0,6,global_plus_linear_attention_mix|has_aux_silu_gate|moe_schedule_type|norm_scheme|router_activation_configurable|shared_expert_configurable,bailing_moe_linear,
qwen2_moe,qwen3_next,2024-06-07,2025-09-09,459,0,5,attention_projection|expert_bias_correction|moe_subtype|router_activation|shared_branch_merge_mode,bailing_moe_linear,
deepseek_v3,deepseek_v32,2024-12-26,2025-09-29,277,1,59,altup|attention_family|attention_output_gating|attention_pattern|attention_projection|bitlinear_weights|block_norm_variant|chunked_kv_cache|coefficient_mix_shared_routed|conv_on_kv|cross_layer_kv_sharing|expert_bias_correction|ffn_activation_core|ffn_core|ffn_projection_style|gated_delta_net|global_plus_linear_attention_mix|grouped_expert_selection|has_aux_relu2_gate|has_aux_silu_gate|has_moe|has_shared_expert|hybrid_block_schedule|kv_layout|kv_lora_present|kv_reuse_attention|laurel|lm_head_bias|modality|moe_distribution|moe_schedule_type|moe_subtype|ngram_memory|optional_nope|output_head_connection|periodic_no_rope_layers|positional_encoding|projection_bias_scheme|q_lora_present|residual_scheme|residual_update_rule|rglru_recurrence|rope_parameterization|rope_partition_detail|router_activation|router_activation_configurable|same_block_attention_ssm|secondary_token_mixer|shared_branch_merge_mode|shared_expert_configurable|stack_topology|state_update_rule|tie_embeddings_configurable|tie_embeddings_default|uses_logit_scale|uses_logit_softcap|window_schedule_detail|windowed_rope_scope|zero_expert_option,deepseek_v3,0.8500
lfm2,lfm2_moe,2025-07-10,2025-10-07,89,1,54,altup|attention_family|attention_output_gating|attention_pattern|attention_projection|bitlinear_weights|block_norm_variant|chunked_kv_cache|conv_on_kv|cross_layer_kv_sharing|dual_attention_modules|ffn_activation_core|ffn_core|ffn_projection_style|gated_delta_net|global_plus_linear_attention_mix|grouped_expert_selection|has_aux_relu2_gate|has_aux_silu_gate|has_shared_expert|hybrid_block_schedule|kv_layout|kv_lora_present|kv_reuse_attention|laurel|lm_head_bias|modality|ngram_memory|norm_scheme|optional_nope|output_head_connection|periodic_no_rope_layers|positional_encoding|projection_bias_scheme|q_lora_present|qk_norm|residual_scheme|residual_update_rule|rglru_recurrence|rope_parameterization|rope_partition_detail|router_activation_configurable|same_block_attention_ssm|secondary_token_mixer|shared_expert_configurable|stack_topology|state_update_rule|tie_embeddings_configurable|tie_embeddings_default|uses_logit_scale|uses_logit_softcap|window_schedule_detail|windowed_rope_scope|zero_expert_option,lfm2,0.7000
phixtral,lfm2_moe,2024-01-08,2025-10-07,638,0,4,has_moe|moe_distribution|moe_subtype|router_activation,lfm2,
baichuan_m1,nanochat,2025-01-23,2025-10-13,263,0,29,attention_output_gating|attention_projection|bitlinear_weights|block_norm_variant|dual_attention_modules|ffn_core|gated_delta_net|global_plus_linear_attention_mix|has_aux_relu2_gate|has_aux_silu_gate|has_moe|hybrid_block_schedule|kv_lora_present|laurel|modality|ngram_memory|norm_scheme|output_head_connection|periodic_no_rope_layers|positional_encoding|q_lora_present|qk_norm|rope_parameterization|rope_partition_detail|same_block_attention_ssm|stack_topology|tie_embeddings_default|uses_logit_softcap|windowed_rope_scope,plamo,
phixtral,nanochat,2024-01-08,2025-10-13,644,0,20,altup|attention_family|attention_pattern|chunked_kv_cache|conv_on_kv|cross_layer_kv_sharing|ffn_projection_style|kv_layout|kv_reuse_attention|lm_head_bias|optional_nope|projection_bias_scheme|residual_scheme|residual_update_rule|rglru_recurrence|secondary_token_mixer|state_update_rule|tie_embeddings_configurable|uses_logit_scale|window_schedule_detail,plamo,
longcat_flash,kimi_linear,2025-09-01,2025-10-30,59,0,26,altup|attention_projection|bitlinear_weights|block_norm_variant|cross_layer_kv_sharing|expert_bias_correction|ffn_activation_core|ffn_core|has_shared_expert|kv_layout|kv_lora_present|laurel|lm_head_bias|moe_schedule_type|ngram_memory|norm_scheme|positional_encoding|projection_bias_scheme|qk_norm|residual_scheme|residual_update_rule|rglru_recurrence|same_block_attention_ssm|secondary_token_mixer|tie_embeddings_default|uses_logit_scale,qwen3_next,
qwen3_next,kimi_linear,2025-09-09,2025-10-30,51,1,30,attention_output_gating|attention_pattern|chunked_kv_cache|conv_on_kv|dual_attention_modules|ffn_projection_style|gated_delta_net|global_plus_linear_attention_mix|grouped_expert_selection|has_aux_relu2_gate|has_aux_silu_gate|has_moe|kv_reuse_attention|modality|moe_distribution|moe_subtype|optional_nope|output_head_connection|periodic_no_rope_layers|q_lora_present|rope_parameterization|router_activation_configurable|shared_expert_configurable|stack_topology|state_update_rule|tie_embeddings_configurable|uses_logit_softcap|window_schedule_detail|windowed_rope_scope|zero_expert_option,qwen3_next,0.5000
exaone4,olmo3,2025-07-15,2025-11-20,128,1,28,altup|attention_projection|dual_attention_modules|ffn_activation_core|gated_delta_net|has_moe|hybrid_block_schedule|kv_layout|kv_lora_present|kv_reuse_attention|laurel|lm_head_bias|modality|ngram_memory|output_head_connection|periodic_no_rope_layers|positional_encoding|projection_bias_scheme|qk_norm|qk_norm_detail|residual_scheme|residual_update_rule|same_block_attention_ssm|stack_topology|state_update_rule|tie_embeddings_configurable|uses_logit_scale|uses_logit_softcap,exaone4,0.4500
gpt_oss,olmo3,2025-08-05,2025-11-20,107,0,22,attention_family|attention_output_gating|attention_pattern|bitlinear_weights|block_norm_variant|chunked_kv_cache|conv_on_kv|cross_layer_kv_sharing|ffn_projection_style|global_plus_linear_attention_mix|has_aux_relu2_gate|has_aux_silu_gate|norm_scheme|optional_nope|q_lora_present|rglru_recurrence|rope_parameterization|rope_partition_detail|secondary_token_mixer|tie_embeddings_default|window_schedule_detail|windowed_rope_scope,exaone4,
bailing_moe_linear,afmoe,2025-04-24,2025-12-01,221,0,30,attention_output_gating|block_norm_variant|chunked_kv_cache|coefficient_mix_shared_routed|dual_attention_modules|expert_bias_correction|ffn_projection_style|has_aux_silu_gate|has_shared_expert|kv_reuse_attention|laurel|lm_head_bias|modality|ngram_memory|norm_scheme|optional_nope|output_head_connection|periodic_no_rope_layers|projection_bias_scheme|qk_norm|qk_norm_detail|residual_update_rule|rope_parameterization|rope_partition_detail|router_activation|same_block_attention_ssm|shared_branch_merge_mode|tie_embeddings_configurable|tie_embeddings_default|uses_logit_softcap,dots1,
gpt_oss,afmoe,2025-08-05,2025-12-01,118,0,28,altup|attention_family|attention_pattern|attention_projection|bitlinear_weights|conv_on_kv|cross_layer_kv_sharing|ffn_activation_core|ffn_core|gated_delta_net|global_plus_linear_attention_mix|has_aux_relu2_gate|has_moe|hybrid_block_schedule|kv_layout|kv_lora_present|moe_distribution|moe_schedule_type|positional_encoding|q_lora_present|rglru_recurrence|router_activation_configurable|secondary_token_mixer|shared_expert_configurable|stack_topology|state_update_rule|uses_logit_scale|zero_expert_option,dots1,
llama,ministral3,2023-02-27,2025-12-02,1009,1,49,altup|attention_family|attention_output_gating|attention_pattern|attention_projection|bitlinear_weights|block_norm_variant|chunked_kv_cache|conv_on_kv|cross_layer_kv_sharing|dual_attention_modules|ffn_activation_core|ffn_core|ffn_projection_style|gated_delta_net|global_plus_linear_attention_mix|has_aux_relu2_gate|has_aux_silu_gate|has_moe|hybrid_block_schedule|kv_layout|kv_lora_present|kv_reuse_attention|laurel|lm_head_bias|modality|ngram_memory|norm_scheme|optional_nope|output_head_connection|periodic_no_rope_layers|positional_encoding|projection_bias_scheme|q_lora_present|qk_norm|residual_scheme|residual_update_rule|rglru_recurrence|rope_partition_detail|same_block_attention_ssm|secondary_token_mixer|stack_topology|state_update_rule|tie_embeddings_configurable|tie_embeddings_default|uses_logit_scale|uses_logit_softcap|window_schedule_detail|windowed_rope_scope,llama,1.0000
glm4_moe,mimo_v2_flash,2025-07-28,2025-12-16,141,1,37,altup|attention_family|block_norm_variant|chunked_kv_cache|coefficient_mix_shared_routed|conv_on_kv|cross_layer_kv_sharing|dual_attention_modules|expert_bias_correction|ffn_activation_core|ffn_projection_style|gated_delta_net|has_aux_silu_gate|has_moe|has_shared_expert|hybrid_block_schedule|kv_layout|lm_head_bias|modality|moe_distribution|moe_schedule_type|moe_subtype|ngram_memory|norm_scheme|optional_nope|output_head_connection|positional_encoding|projection_bias_scheme|residual_scheme|rope_partition_detail|router_activation|router_activation_configurable|same_block_attention_ssm|shared_branch_merge_mode|stack_topology|uses_logit_softcap|windowed_rope_scope,glm4_moe,0.6000
gpt_oss,mimo_v2_flash,2025-08-05,2025-12-16,133,0,24,attention_output_gating|attention_pattern|attention_projection|bitlinear_weights|ffn_core|global_plus_linear_attention_mix|grouped_expert_selection|has_aux_relu2_gate|kv_lora_present|kv_reuse_attention|laurel|periodic_no_rope_layers|q_lora_present|qk_norm|residual_update_rule|rglru_recurrence|secondary_token_mixer|shared_expert_configurable|state_update_rule|tie_embeddings_configurable|tie_embeddings_default|uses_logit_scale|window_schedule_detail|zero_expert_option,glm4_moe,
helium,telechat3,2025-01-13,2025-12-24,345,1,48,altup|attention_family|attention_output_gating|attention_pattern|attention_projection|bitlinear_weights|block_norm_variant|chunked_kv_cache|conv_on_kv|cross_layer_kv_sharing|dual_attention_modules|ffn_activation_core|ffn_core|ffn_projection_style|gated_delta_net|global_plus_linear_attention_mix|has_aux_relu2_gate|has_aux_silu_gate|has_moe|hybrid_block_schedule|kv_layout|kv_lora_present|kv_reuse_attention|laurel|lm_head_bias|modality|ngram_memory|norm_scheme|optional_nope|output_head_connection|periodic_no_rope_layers|positional_encoding|projection_bias_scheme|q_lora_present|qk_norm|residual_scheme|residual_update_rule|rglru_recurrence|rope_partition_detail|same_block_attention_ssm|secondary_token_mixer|stack_topology|state_update_rule|tie_embeddings_configurable|uses_logit_scale|uses_logit_softcap|window_schedule_detail|windowed_rope_scope,helium,0.3500
llama,iquestloopcoder,2023-02-27,2025-12-30,1037,1,48,altup|attention_family|attention_output_gating|attention_pattern|attention_projection|bitlinear_weights|block_norm_variant|chunked_kv_cache|conv_on_kv|cross_layer_kv_sharing|dual_attention_modules|ffn_core|ffn_projection_style|gated_delta_net|global_plus_linear_attention_mix|has_aux_relu2_gate|has_aux_silu_gate|has_moe|hybrid_block_schedule|kv_layout|kv_lora_present|kv_reuse_attention|laurel|lm_head_bias|modality|ngram_memory|norm_scheme|optional_nope|output_head_connection|periodic_no_rope_layers|positional_encoding|projection_bias_scheme|q_lora_present|qk_norm|residual_scheme|residual_update_rule|rglru_recurrence|rope_parameterization|rope_partition_detail|same_block_attention_ssm|secondary_token_mixer|stack_topology|state_update_rule|tie_embeddings_configurable|uses_logit_scale|uses_logit_softcap|window_schedule_detail|windowed_rope_scope,llama,0.8000
deepseek_v2,youtu_llm,2024-05-06,2025-12-31,604,0,20,attention_family|attention_pattern|attention_projection|bitlinear_weights|conv_on_kv|cross_layer_kv_sharing|ffn_activation_core|ffn_projection_style|global_plus_linear_attention_mix|has_aux_silu_gate|hybrid_block_schedule|kv_layout|kv_lora_present|laurel|lm_head_bias|q_lora_present|residual_update_rule|rope_parameterization|rope_partition_detail|same_block_attention_ssm,minicpm3,
glm,youtu_llm,2021-03-18,2025-12-31,1749,0,30,altup|attention_output_gating|block_norm_variant|chunked_kv_cache|dual_attention_modules|ffn_core|gated_delta_net|has_aux_relu2_gate|has_moe|kv_reuse_attention|modality|ngram_memory|norm_scheme|optional_nope|output_head_connection|periodic_no_rope_layers|positional_encoding|projection_bias_scheme|qk_norm|residual_scheme|rglru_recurrence|secondary_token_mixer|stack_topology|state_update_rule|tie_embeddings_configurable|tie_embeddings_default|uses_logit_scale|uses_logit_softcap|window_schedule_detail|windowed_rope_scope,minicpm3,
afmoe,exaone_moe,2025-12-01,2026-01-05,35,1,36,altup|attention_pattern|block_norm_variant|conv_on_kv|dual_attention_modules|expert_bias_correction|ffn_activation_core|ffn_core|global_plus_linear_attention_mix|has_aux_silu_gate|has_moe|has_shared_expert|hybrid_block_schedule|kv_reuse_attention|laurel|moe_distribution|moe_schedule_type|moe_subtype|ngram_memory|norm_scheme|periodic_no_rope_layers|projection_bias_scheme|q_lora_present|qk_norm|qk_norm_detail|residual_update_rule|rglru_recurrence|router_activation|router_activation_configurable|secondary_token_mixer|shared_branch_merge_mode|shared_expert_configurable|stack_topology|tie_embeddings_default|uses_logit_softcap|windowed_rope_scope,afmoe,0.7500
ministral3,exaone_moe,2025-12-02,2026-01-05,34,0,27,attention_family|attention_output_gating|attention_projection|bitlinear_weights|chunked_kv_cache|coefficient_mix_shared_routed|cross_layer_kv_sharing|ffn_projection_style|gated_delta_net|grouped_expert_selection|has_aux_relu2_gate|kv_layout|kv_lora_present|lm_head_bias|modality|optional_nope|output_head_connection|positional_encoding|residual_scheme|rope_parameterization|rope_partition_detail|same_block_attention_ssm|state_update_rule|tie_embeddings_configurable|uses_logit_scale|window_schedule_detail|zero_expert_option,afmoe,
longcat_flash,longcat_flash_ngram,2025-09-01,2026-01-29,150,1,29,altup|attention_family|attention_projection|block_norm_variant|chunked_kv_cache|conv_on_kv|ffn_core|ffn_projection_style|has_aux_relu2_gate|has_aux_silu_gate|has_moe|has_shared_expert|kv_layout|kv_lora_present|kv_reuse_attention|lm_head_bias|modality|moe_subtype|norm_scheme|output_head_connection|q_lora_present|router_activation|router_activation_configurable|same_block_attention_ssm|secondary_token_mixer|stack_topology|tie_embeddings_default|window_schedule_detail|zero_expert_option,longcat_flash,0.9500
phixtral,longcat_flash_ngram,2024-01-08,2026-01-29,752,0,23,attention_output_gating|bitlinear_weights|cross_layer_kv_sharing|dual_attention_modules|expert_bias_correction|ffn_activation_core|gated_delta_net|global_plus_linear_attention_mix|grouped_expert_selection|hybrid_block_schedule|laurel|moe_distribution|moe_schedule_type|projection_bias_scheme|qk_norm|residual_scheme|residual_update_rule|rglru_recurrence|shared_expert_configurable|state_update_rule|tie_embeddings_configurable|uses_logit_scale|uses_logit_softcap,longcat_flash,
deepseek_v2,step3p5,2024-05-06,2026-02-01,636,0,28,chunked_kv_cache|dual_attention_modules|expert_bias_correction|ffn_projection_style|gated_delta_net|global_plus_linear_attention_mix|grouped_expert_selection|has_shared_expert|hybrid_block_schedule|laurel|lm_head_bias|modality|optional_nope|output_head_connection|periodic_no_rope_layers|positional_encoding|projection_bias_scheme|residual_scheme|residual_update_rule|rglru_recurrence|rope_parameterization|same_block_attention_ssm|secondary_token_mixer|shared_branch_merge_mode|shared_expert_configurable|stack_topology|state_update_rule|windowed_rope_scope,afmoe,
exaone_moe,step3p5,2026-01-05,2026-02-01,27,0,29,altup|attention_family|attention_pattern|attention_projection|bitlinear_weights|coefficient_mix_shared_routed|conv_on_kv|cross_layer_kv_sharing|ffn_activation_core|ffn_core|has_aux_relu2_gate|has_moe|kv_lora_present|kv_reuse_attention|moe_distribution|moe_subtype|ngram_memory|q_lora_present|qk_norm|qk_norm_detail|rope_partition_detail|router_activation|router_activation_configurable|tie_embeddings_configurable|tie_embeddings_default|uses_logit_scale|uses_logit_softcap|window_schedule_detail|zero_expert_option,afmoe,
gpt_oss,qwen3_5,2025-08-05,2026-02-14,193,0,22,altup|attention_projection|block_norm_variant|coefficient_mix_shared_routed|conv_on_kv|cross_layer_kv_sharing|ffn_activation_core|ffn_projection_style|grouped_expert_selection|has_aux_relu2_gate|kv_layout|kv_lora_present|moe_schedule_type|moe_subtype|periodic_no_rope_layers|residual_scheme|residual_update_rule|router_activation|same_block_attention_ssm|secondary_token_mixer|uses_logit_softcap|zero_expert_option,qwen3_next,
qwen3_next,qwen3_5,2025-09-09,2026-02-14,158,1,38,attention_family|attention_output_gating|attention_pattern|bitlinear_weights|chunked_kv_cache|dual_attention_modules|expert_bias_correction|ffn_core|gated_delta_net|global_plus_linear_attention_mix|has_aux_silu_gate|has_moe|has_shared_expert|hybrid_block_schedule|kv_reuse_attention|laurel|lm_head_bias|moe_distribution|ngram_memory|norm_scheme|optional_nope|output_head_connection|positional_encoding|projection_bias_scheme|q_lora_present|qk_norm|qk_norm_detail|rglru_recurrence|router_activation_configurable|shared_branch_merge_mode|shared_expert_configurable|stack_topology|state_update_rule|tie_embeddings_configurable|tie_embeddings_default|uses_logit_scale|window_schedule_detail|windowed_rope_scope,qwen3_next,1.0000
